id,date,time,A,B,C,D,E,F,G,H
111261,1/1/2022,0:00:22,0,0,0,0,0,0,0,0
111262,1/1/2022,0:10:00,1976,756,2034,758,1633,758,11936,1475
111263,1/1/2022,0:20:00,1978,756,2034,757,1635,760,11935,1477
111264,1/1/2022,0:30:22,0,0,0,0,0,0,0,0
111265,1/1/2022,0:40:00,1978,756,2034,757,1636,758,11924,1478
111266,1/1/2022,0:50:01,1979,756,2034,757,1634,761,11940,1478
111267,1/1/2022,1:00:23,0,0,0,0,0,0,0,0
111268,1/1/2022,1:10:00,1978,756,2033,757,1636,758,11915,1478
111269,1/1/2022,1:20:01,1976,756,2034,757,1638,759,11911,1477
111270,1/1/2022,1:30:22,0,0,0,0,0,0,0,0
111271,1/1/2022,1:40:00,1976,756,2034,757,1637,760,11907,1479
111272,1/1/2022,1:50:00,1978,756,2034,757,1641,760,11914,1479
111273,1/1/2022,2:00:24,0,0,0,0,0,0,0,0
111274,1/1/2022,2:10:05,1977,756,2034,757,1641,758,11913,1479
111275,1/1/2022,2:20:00,1976,756,2034,757,1641,761,11906,1479
111276,1/1/2022,2:30:23,0,0,0,0,0,0,0,0
111277,1/1/2022,2:40:01,1976,756,2033,757,1641,757,11902,1480
111278,1/1/2022,2:50:00,1976,756,2034,757,1642,761,11896,1481
111279,1/1/2022,3:00:22,0,0,0,0,0,0,0,0
111280,1/1/2022,3:20:00,1976,756,2034,759,1646,761,11922,1483
111281,1/1/2022,3:30:23,0,0,0,0,0,0,0,0
111282,1/1/2022,3:40:00,1976,756,2034,757,1646,761,11921,1483
111283,1/1/2022,3:50:09,1976,756,2033,757,1646,759,11930,1480
111284,1/1/2022,4:00:20,0,0,0,0,0,0,0,0
111285,1/1/2022,4:10:04,1978,756,2034,757,1646,760,11913,1479
111286,1/1/2022,4:20:02,1976,756,2034,757,1647,759,11930,1479
111287,1/1/2022,4:30:22,0,0,0,0,0,0,0,0
111288,1/1/2022,4:40:00,1976,752,2034,757,1650,759,11918,1482
111289,1/1/2022,4:50:00,1976,755,2031,757,1650,756,11910,1483
111290,1/1/2022,5:10:00,1976,753,2034,757,1651,758,11891,1483
111291,1/1/2022,5:20:00,1976,754,2034,757,1651,762,11912,1479
111292,1/1/2022,5:30:19,0,0,0,0,0,0,0,0
111293,1/1/2022,5:40:02,1976,755,2034,757,1651,759,11937,1483
111294,1/1/2022,5:50:00,1976,756,2034,757,1652,760,11918,1483
111295,1/1/2022,6:00:21,0,0,0,0,0,0,0,0
111296,1/1/2022,6:10:09,1976,756,2034,757,1652,759,11920,1483
111297,1/1/2022,6:20:01,1976,756,2034,757,1655,757,11890,1483
111298,1/1/2022,6:30:28,0,0,0,0,0,0,0,0
111299,1/1/2022,6:40:03,1976,756,2034,757,1655,759,11912,1488
111300,1/1/2022,6:50:00,1976,754,2031,757,1655,757,11925,1481
111301,1/1/2022,7:10:00,1976,756,2034,757,1655,760,11932,1483
111302,1/1/2022,7:20:00,1976,756,2034,757,1655,757,11898,1483
111303,1/1/2022,7:30:21,0,0,0,0,0,0,0,0
111304,1/1/2022,7:40:01,1976,753,2034,757,1655,760,11924,1469
111305,1/1/2022,7:50:00,1976,752,2034,757,1655,759,11938,1476
111306,1/1/2022,8:10:00,1976,755,2034,757,1654,757,11892,1493
111307,1/1/2022,8:20:00,1976,756,2034,757,1652,756,11893,1479
111308,1/1/2022,8:30:22,0,0,0,0,0,0,0,0
111309,1/1/2022,8:40:05,1977,753,2034,757,1648,757,11928,1470
111310,1/1/2022,8:50:01,1977,756,2034,757,1647,758,11916,1466
111311,1/1/2022,9:00:22,0,0,0,0,0,0,0,0
111312,1/1/2022,9:10:01,1979,754,2034,757,1645,758,11920,1461
111313,1/1/2022,9:20:00,1977,752,2034,757,1642,758,11934,1458
111314,1/1/2022,9:30:18,0,0,0,0,0,0,0,0
111315,1/1/2022,9:40:00,1977,756,2034,757,1636,758,11922,1454
111316,1/1/2022,9:50:01,1977,754,2034,757,1634,760,11940,1449
111317,1/1/2022,10:00:28,0,0,0,0,0,0,0,0
111318,1/1/2022,10:10:01,1979,752,2034,757,1632,758,11938,1452
111319,1/1/2022,10:20:04,1980,752,2034,757,1631,757,11933,1450
111320,1/1/2022,10:30:22,0,0,0,0,0,0,0,0
111321,1/1/2022,10:40:00,0,0,0,0,0,0,0,0
111322,1/1/2022,10:50:00,1980,752,2034,757,1627,761,11941,0
111323,1/1/2022,11:10:01,1980,752,2034,757,1630,758,11938,1449
111324,1/1/2022,11:20:10,1980,753,2034,757,1627,761,11941,0
111325,1/1/2022,11:40:00,1980,752,2034,757,1626,757,11944,1445
111326,1/1/2022,11:50:08,1980,752,2034,757,1626,759,11989,1443
111327,1/1/2022,12:10:04,1980,752,2034,757,1626,757,11943,1444
111328,1/1/2022,12:20:00,1980,753,2034,757,1622,756,11982,1445
111329,1/1/2022,12:40:02,1980,752,2035,756,1621,757,11960,1444
111330,1/1/2022,12:50:00,1980,752,2035,756,1617,759,11985,1443
111331,1/1/2022,13:10:02,1980,752,2035,756,1617,759,11955,1443
111332,1/1/2022,13:40:00,1980,752,2035,756,1616,757,11945,1430
111333,1/1/2022,13:50:00,1980,752,2035,753,1625,761,11942,1432
111334,1/1/2022,14:10:03,1980,752,2038,755,1621,758,11959,1429
111335,1/1/2022,14:20:12,1980,752,2036,755,1617,757,11942,1429
111336,1/1/2022,14:40:01,1980,752,2038,753,1606,757,11948,1420
111337,1/1/2022,14:50:09,1980,752,2035,756,1594,758,11942,1426
111338,1/1/2022,15:10:02,1980,752,2037,753,1582,761,11942,1437
111339,1/1/2022,15:20:00,1980,752,2035,756,1582,758,11942,1438
111340,1/1/2022,15:40:00,1980,752,2036,756,1578,758,11976,1439
111341,1/1/2022,15:50:09,1980,752,2038,756,1578,757,11994,1441
111342,1/1/2022,16:10:00,1980,752,2038,754,1578,759,11972,1442
111343,1/1/2022,16:20:00,1980,752,2037,754,1578,757,11942,1449
111344,1/1/2022,16:40:01,1979,752,2035,754,1581,759,11942,1453
111345,1/1/2022,16:50:00,1978,752,2038,755,1578,755,11942,1454
111346,1/1/2022,17:10:05,1978,752,2035,752,1578,754,11942,1455
111347,1/1/2022,17:20:00,1980,752,2035,755,1578,760,11928,1455
111348,1/1/2022,17:40:01,1977,752,2035,756,1580,757,11928,1457
111349,1/1/2022,17:50:08,1980,752,2037,754,1582,757,11924,1461
111350,1/1/2022,18:10:02,1980,752,2035,756,1578,759,11928,1466
111351,1/1/2022,18:20:00,1980,752,2037,754,1582,755,11940,1467
111352,1/1/2022,18:40:00,1978,752,2035,756,1582,759,11939,1466
111353,1/1/2022,18:50:02,1978,752,2035,756,1582,757,11940,1468
111354,1/1/2022,19:10:08,1977,752,2035,756,1586,756,11910,1468
111355,1/1/2022,19:20:00,1977,754,2035,756,1587,755,11918,1472
111356,1/1/2022,19:40:00,1977,752,2035,756,1589,757,11938,1475
111357,1/1/2022,19:50:05,1976,754,2035,754,1591,757,11898,1477
111358,1/1/2022,20:10:01,1979,753,2035,754,1594,759,11928,1479
111359,1/1/2022,20:40:03,1977,755,2035,756,1596,759,11933,1478
111360,1/1/2022,20:50:00,1980,753,2037,756,1596,760,11902,1479
111361,1/1/2022,21:20:00,1977,755,2035,756,1601,757,11935,1484
111362,1/1/2022,21:40:03,1978,752,2035,756,1601,757,11937,1484
111363,1/1/2022,21:50:10,1977,753,2035,756,1601,759,11925,1485
111364,1/1/2022,22:10:03,1978,753,2035,756,1604,758,11895,1484
111365,1/1/2022,22:20:07,0,0,0,0,0,0,0,0
111366,1/1/2022,22:40:00,1978,752,2035,756,1605,757,11901,1485
111367,1/1/2022,22:50:00,1976,756,2035,756,1606,757,11923,1487
111368,1/1/2022,23:20:01,1977,753,2035,756,1606,761,11927,1488
111369,1/1/2022,23:40:02,1976,752,2035,756,1610,757,11898,1487
111370,1/1/2022,23:50:07,1977,756,2035,756,1611,758,11911,1488
111371,1/2/2022,0:10:00,1976,755,2035,756,1611,759,11927,1490
111372,1/2/2022,0:20:00,1976,755,2035,756,1611,757,11910,1493
111373,1/2/2022,0:40:00,1979,752,2035,756,1611,758,11917,1493
111374,1/2/2022,0:50:00,1977,756,2035,756,1611,757,11900,1493
111375,1/2/2022,1:10:01,1979,752,2035,756,1613,758,11925,1498
111376,1/2/2022,1:20:00,1978,752,2035,756,1614,758,11931,1498
111377,1/2/2022,1:40:05,1976,752,2035,756,1616,757,11927,1498
111378,1/2/2022,1:50:00,1978,752,2035,756,1616,758,11918,1498
111379,1/2/2022,2:10:00,1976,752,2035,756,1616,754,11908,1498
111380,1/2/2022,2:20:05,1979,753,2035,756,1620,757,11917,1498
111381,1/2/2022,2:40:00,1976,756,2035,756,1621,757,11896,1502
111382,1/2/2022,2:50:00,1977,756,2035,756,1621,754,11911,1498
111383,1/2/2022,3:10:03,1976,753,2035,756,1626,757,11903,1502
111384,1/2/2022,3:40:00,1977,753,2035,756,1626,758,11920,1502
111385,1/2/2022,3:50:01,1976,752,2036,756,1626,759,11906,1499
111386,1/2/2022,4:10:01,1976,752,2035,756,1626,757,11933,1502
111387,1/2/2022,4:20:00,1979,753,2035,756,1626,758,11904,1501
111388,1/2/2022,4:40:00,1977,752,2036,756,1628,757,11887,1499
111389,1/2/2022,4:50:00,1976,752,2035,756,1629,757,11921,1499
111390,1/2/2022,5:10:00,1976,754,2035,756,1628,754,11901,1503
111391,1/2/2022,5:20:00,1977,752,2035,756,1629,756,11910,1500
111392,1/2/2022,5:40:05,1978,752,2035,756,1628,760,11932,1499
111393,1/2/2022,5:50:08,1976,752,2035,756,1629,755,11902,1498
111394,1/2/2022,6:10:00,1976,752,2035,756,1631,755,11888,1507
111395,1/2/2022,6:40:04,1976,752,2035,756,1631,757,11907,1504
111396,1/2/2022,6:50:00,1980,752,2036,756,1634,756,11900,1508
111397,1/2/2022,7:10:00,1976,752,2035,756,1631,757,11904,1503
111398,1/2/2022,7:20:00,1976,752,2039,756,1631,754,11929,1499
111399,1/2/2022,7:40:00,1980,752,2036,756,1629,755,11919,1499
111400,1/2/2022,7:50:04,1977,752,2035,756,1630,758,11896,1495
111401,1/2/2022,8:10:01,1976,752,2035,753,1627,753,11899,1492
111402,1/2/2022,8:20:09,1976,752,2035,756,1627,756,11913,1487
111403,1/2/2022,8:40:04,1978,752,2036,754,1622,753,11914,1479
111404,1/2/2022,8:50:01,1978,752,2035,756,1619,754,11925,1476
111405,1/2/2022,9:10:00,1980,752,2036,756,1616,754,11909,1470
111406,1/2/2022,9:20:00,1976,752,2039,754,1612,757,11931,1465
111407,1/2/2022,9:40:10,1971,752,2017,754,1608,757,11938,1459
111408,1/2/2022,9:50:00,1969,752,1987,752,1611,759,11930,1463
111409,1/2/2022,10:10:00,1958,752,1814,752,1611,759,11938,1464
111410,1/2/2022,10:20:03,0,0,0,0,0,0,0,0
111411,1/2/2022,10:40:04,1952,749,1802,752,1607,759,11928,1459
111412,1/2/2022,11:00:20,0,0,0,0,0,0,0,0
111413,1/2/2022,11:10:01,1944,750,1809,752,1612,755,11935,1458
111414,1/2/2022,11:20:04,1943,751,1813,752,1616,755,11941,0
111415,1/2/2022,11:50:07,1941,751,1820,752,1620,754,11947,1458
111416,1/2/2022,12:10:00,1937,751,1823,752,1617,758,11955,1455
111417,1/2/2022,12:20:00,1937,750,1826,752,1618,754,11964,1459
111418,1/2/2022,12:40:00,1932,748,1832,752,1619,756,11943,1459
111419,1/2/2022,12:50:01,1932,750,1833,752,1616,754,11942,1451
111420,1/2/2022,13:10:01,1931,751,1837,752,1612,752,11942,1454
111421,1/2/2022,13:20:01,1930,751,1837,752,1616,752,11948,1460
111422,1/2/2022,13:40:00,1927,747,1842,752,1607,752,11942,1453
111423,1/2/2022,13:50:00,1927,750,1842,752,1611,757,11942,1459
111424,1/2/2022,14:20:00,1922,749,1852,752,1599,752,11942,1439
111425,1/2/2022,14:40:00,1922,750,1852,752,1592,756,11942,1442
111426,1/2/2022,15:10:04,1919,749,1857,752,1582,754,11942,1449
111427,1/2/2022,15:20:01,1921,748,1862,752,1580,754,11943,1445
111428,1/2/2022,15:40:08,1917,748,1862,752,1578,756,11942,1457
111429,1/2/2022,15:50:00,1917,749,1867,752,1581,756,11942,1460
111430,1/2/2022,16:10:00,1917,751,1867,752,1577,754,11942,1455
111431,1/2/2022,16:20:00,1913,751,1869,752,1577,753,11942,1456
111432,1/2/2022,16:30:03,0,0,0,0,0,0,0,0
111433,1/2/2022,16:40:07,1912,749,1872,752,1581,756,11942,1461
111434,1/2/2022,16:50:07,1912,748,1872,752,1582,754,11942,1464
111435,1/2/2022,17:10:00,1912,749,1874,752,1583,756,11942,1465
111436,1/2/2022,17:20:01,0,0,0,0,0,0,0,0
111437,1/2/2022,17:40:00,0,0,0,0,0,0,0,0
111438,1/2/2022,17:50:00,1910,750,1882,752,1585,756,11941,0
111439,1/2/2022,18:10:00,1907,751,1882,752,1587,755,11940,1483
111440,1/2/2022,18:20:00,1907,749,1882,752,1582,756,11928,1483
111441,1/2/2022,18:40:03,1907,750,1884,752,1582,755,11927,1488
111442,1/2/2022,18:50:02,1907,751,1887,752,1583,756,11940,1483
111443,1/2/2022,19:10:00,1906,750,1887,752,1587,755,11914,1484
111444,1/2/2022,19:20:01,1905,748,1887,752,1587,756,11931,1488
111445,1/2/2022,19:40:01,1902,748,1891,752,1591,757,11909,1488
111446,1/2/2022,19:50:02,1902,751,1892,752,1591,756,11940,1488
111447,1/2/2022,20:10:00,1902,751,1892,752,1592,754,11920,1489
111448,1/2/2022,20:20:00,1902,751,1892,752,1592,754,11930,1491
111449,1/2/2022,20:40:02,1902,749,1893,752,1593,756,11915,1489
111450,1/2/2022,21:10:00,1900,751,1896,752,1593,755,11892,1491
111451,1/2/2022,21:20:04,1901,750,1896,752,1596,754,11926,1488
111452,1/2/2022,21:40:01,1901,751,1896,752,1596,756,11922,1490
111453,1/2/2022,21:50:09,1898,748,1897,752,1596,755,11906,1493
111454,1/2/2022,22:10:00,1901,750,1901,752,1597,753,11899,1491
111455,1/2/2022,22:20:00,1897,751,1897,752,1599,756,11892,1489
111456,1/2/2022,22:40:01,1897,751,1899,752,1601,754,11903,1493
111457,1/2/2022,23:10:02,1897,751,1901,752,1602,758,11905,1493
111458,1/2/2022,23:20:06,1897,749,1901,752,1604,756,11912,1493
111459,1/2/2022,23:40:00,1897,751,1905,752,1604,755,11893,1491
111460,1/2/2022,23:50:00,1897,751,1902,752,1605,756,11926,1493
111461,1/3/2022,0:10:00,1895,750,1906,752,1606,757,11905,1494
111462,1/3/2022,0:40:00,1895,749,1905,752,1609,755,11934,1496
111463,1/3/2022,0:50:00,1896,751,1906,752,1609,756,11892,1498
111464,1/3/2022,1:10:00,1895,751,1906,752,1611,756,11901,1498
111465,1/3/2022,1:20:07,1893,748,1906,752,1610,755,11897,1498
111466,1/3/2022,1:40:00,1893,749,1906,752,1611,754,11924,1498
111467,1/3/2022,1:50:00,1893,749,1906,752,1611,755,11937,1499
111468,1/3/2022,2:10:03,1893,751,1909,752,1611,758,11927,1499
111469,1/3/2022,2:20:09,1893,751,1910,752,1612,756,11931,1499
111470,1/3/2022,2:40:00,1893,751,1908,752,1612,756,11901,1498
111471,1/3/2022,2:50:00,1893,748,1907,752,1616,756,11928,1503
111472,1/3/2022,3:10:01,1893,748,1911,752,1616,753,11890,1503
111473,1/3/2022,3:20:06,1892,749,1908,752,1616,753,11940,1503
111474,1/3/2022,3:40:01,1892,751,1911,752,1616,756,11938,1502
111475,1/3/2022,3:50:00,1892,751,1911,752,1616,758,11933,1503
111476,1/3/2022,4:00:17,0,0,0,0,0,0,0,0
111477,1/3/2022,4:10:01,1892,748,1911,752,1616,755,11889,1502
111478,1/3/2022,4:20:12,0,0,0,0,0,0,0,0
111479,1/3/2022,4:40:01,1889,750,1911,752,1618,757,11912,1503
111480,1/3/2022,4:50:00,1890,749,1910,752,1618,756,11907,1502
111481,1/3/2022,5:10:00,1889,751,1911,752,1621,754,11913,1503
111482,1/3/2022,5:20:00,1891,751,1911,752,1621,754,11888,1501
111483,1/3/2022,5:40:00,1888,748,1911,752,1621,756,11926,1501
111484,1/3/2022,5:50:00,1888,751,1911,752,1625,755,11937,1506
111485,1/3/2022,6:10:01,1888,751,1911,752,1622,759,11900,1506
111486,1/3/2022,6:20:01,1888,748,1911,752,1622,755,11908,1505
111487,1/3/2022,6:30:17,0,0,0,0,0,0,0,0
111488,1/3/2022,6:40:01,1888,751,1911,752,1626,754,11889,1504
111489,1/3/2022,6:50:00,1888,748,1911,752,1626,753,11918,1508
111490,1/3/2022,7:10:02,1888,751,1911,752,1626,754,11925,1513
111491,1/3/2022,7:20:00,1888,747,1911,752,1626,755,11927,1513
111492,1/3/2022,7:40:04,1888,747,1915,752,1626,754,11910,1508
111493,1/3/2022,7:50:06,1888,751,1915,752,1625,755,11937,1503
111494,1/3/2022,8:00:00,0,0,0,0,0,0,0,0
111495,1/3/2022,8:10:00,0,0,0,0,0,0,0,0
111496,1/3/2022,8:20:01,1888,751,1913,752,1621,755,11939,1494
111497,1/3/2022,8:40:02,1888,748,1916,752,1617,756,11897,1485
111498,1/3/2022,8:50:09,1888,749,1914,749,1612,756,11937,1484
111499,1/3/2022,9:10:08,1888,749,1915,751,1612,754,11938,1477
111500,1/3/2022,9:20:00,1888,749,1916,751,1612,756,11931,1475
111501,1/3/2022,9:40:00,1888,748,1916,751,1606,755,11940,1469
111502,1/3/2022,9:50:01,1888,750,1916,750,1605,756,11900,1471
111503,1/3/2022,10:10:00,1888,747,1916,751,1606,755,11906,1468
111504,1/3/2022,10:20:02,1888,748,1916,751,1605,755,11935,1466
111505,1/3/2022,10:40:00,1888,747,1916,751,1602,756,11941,0
111506,1/3/2022,10:50:03,1888,747,1916,751,1597,756,11928,1459
111507,1/3/2022,11:10:00,1888,747,1917,750,1593,756,11941,0
111508,1/3/2022,11:20:08,1890,748,1920,751,1596,756,11942,1455
111509,1/3/2022,11:50:00,1890,747,1921,751,1596,754,11956,1450
111510,1/3/2022,12:10:02,1891,747,1921,750,1591,756,11963,1449
111511,1/3/2022,12:20:09,1888,747,1921,751,1591,754,11944,1449
111512,1/3/2022,12:40:00,1890,747,1921,751,1579,756,11957,1447
111513,1/3/2022,12:50:00,1892,747,1921,748,1579,755,11949,1452
111514,1/3/2022,13:10:04,1891,747,1922,751,1578,754,11949,1449
111515,1/3/2022,13:20:02,1890,747,1926,751,1585,759,11942,1454
111516,1/3/2022,13:40:02,1890,747,1926,748,1583,755,11942,1459
111517,1/3/2022,14:00:27,0,0,0,0,0,0,0,0
111518,1/3/2022,14:10:05,1892,747,1926,750,1592,753,11983,1451
111519,1/3/2022,14:20:02,1891,747,1927,751,1588,756,11942,1439
111520,1/3/2022,14:30:29,0,0,0,0,0,0,0,0
111521,1/3/2022,14:40:00,1892,747,1930,751,1587,755,11959,1439
111522,1/3/2022,14:50:02,1892,747,1931,748,1587,755,11942,1439
111523,1/3/2022,15:00:27,0,0,0,0,0,0,0,0
111524,1/3/2022,15:10:03,1890,747,1931,750,1581,753,11942,1449
111525,1/3/2022,15:20:00,1889,747,1931,748,1578,753,11942,1450
111526,1/3/2022,15:40:00,1892,747,1933,751,1569,755,11957,1450
111527,1/3/2022,15:50:03,1891,747,1932,751,1572,756,11991,1453
111528,1/3/2022,16:00:25,0,0,0,0,0,0,0,0
111529,1/3/2022,16:10:07,1892,747,1936,750,1576,756,11942,1464
111530,1/3/2022,16:20:01,1892,747,1936,749,1573,752,11942,1456
111531,1/3/2022,16:30:26,0,0,0,0,0,0,0,0
111532,1/3/2022,16:40:00,1892,747,1936,750,1572,756,11942,1459
111533,1/3/2022,16:50:00,1892,747,1936,751,1572,756,11942,1459
111534,1/3/2022,17:00:26,0,0,0,0,0,0,0,0
111535,1/3/2022,17:10:01,1891,747,1936,751,1572,756,11940,1464
111536,1/3/2022,17:20:01,1892,747,1936,751,1572,756,11935,1464
111537,1/3/2022,17:30:27,0,0,0,0,0,0,0,0
111538,1/3/2022,17:40:00,1890,747,1936,748,1573,756,11933,1469
111539,1/3/2022,17:50:00,1890,747,1938,750,1576,756,11924,1470
111540,1/3/2022,18:00:27,0,0,0,0,0,0,0,0
111541,1/3/2022,18:10:03,1892,747,1937,751,1577,756,11940,1474
111542,1/3/2022,18:20:00,1891,747,1937,751,1576,756,11926,1478
111543,1/3/2022,18:30:25,0,0,0,0,0,0,0,0
111544,1/3/2022,18:40:01,1892,748,1939,751,1577,755,11936,1479
111545,1/3/2022,18:50:00,1892,748,1941,750,1575,755,11888,1487
111546,1/3/2022,19:00:25,0,0,0,0,0,0,0,0
111547,1/3/2022,19:10:06,1892,748,1941,751,1577,753,11911,1488
111548,1/3/2022,19:20:01,1891,747,1941,749,1577,754,11913,1489
111549,1/3/2022,19:30:28,0,0,0,0,0,0,0,0
111550,1/3/2022,19:40:00,1892,748,1941,751,1582,756,11929,1491
111551,1/3/2022,19:50:00,1891,747,1941,747,1582,753,11931,1493
111552,1/3/2022,20:00:19,0,0,0,0,0,0,0,0
111553,1/3/2022,20:10:02,1889,748,1941,751,1582,755,11935,1498
111554,1/3/2022,20:20:03,1890,750,1941,751,1584,759,11922,1498
111555,1/3/2022,20:30:27,0,0,0,0,0,0,0,0
111556,1/3/2022,20:40:00,1892,748,1941,750,1587,756,11906,1498
111557,1/3/2022,20:50:00,1892,750,1941,749,1587,755,11907,1498
111558,1/3/2022,21:00:30,0,0,0,0,0,0,0,0
111559,1/3/2022,21:10:04,1892,749,1941,751,1590,755,11935,1498
111560,1/3/2022,21:20:00,1892,750,1941,751,1592,756,11910,1498
111561,1/3/2022,21:30:28,0,0,0,0,0,0,0,0
111562,1/3/2022,21:40:01,1892,749,1941,751,1591,756,11937,1499
111563,1/3/2022,22:00:28,0,0,0,0,0,0,0,0
111564,1/3/2022,22:10:00,1891,751,1941,751,1592,755,11906,1501
111565,1/3/2022,22:20:00,1892,751,1941,751,1593,754,11893,1502
111566,1/3/2022,22:30:20,0,0,0,0,0,0,0,0
111567,1/3/2022,22:40:00,1892,749,1942,750,1596,756,11940,1502
111568,1/3/2022,22:50:01,1892,749,1942,751,1596,752,11903,1503
111569,1/3/2022,23:00:25,0,0,0,0,0,0,0,0
111570,1/3/2022,23:10:01,1892,750,1943,751,1596,753,11903,1503
111571,1/3/2022,23:20:01,1892,749,1942,751,1596,754,11940,1498
111572,1/3/2022,23:30:18,0,0,0,0,0,0,0,0
111573,1/3/2022,23:40:05,1892,750,1942,751,1598,754,11937,1500
111574,1/3/2022,23:50:00,1892,750,1942,751,1597,756,11899,1500
111575,1/4/2022,0:00:11,0,0,0,0,0,0,0,0
111576,1/4/2022,0:10:04,1892,751,1942,751,1598,757,11934,1501
111577,1/4/2022,0:20:04,1892,747,1942,751,1601,756,11933,1503
111578,1/4/2022,0:30:27,0,0,0,0,0,0,0,0
111579,1/4/2022,0:40:03,1892,751,1944,751,1601,754,11900,1501
111580,1/4/2022,0:50:01,1892,750,1942,751,1601,758,11935,1503
111581,1/4/2022,1:00:25,0,0,0,0,0,0,0,0
111582,1/4/2022,1:10:08,1892,747,1942,751,1601,754,11915,1503
111583,1/4/2022,1:20:00,1892,750,1943,751,1602,756,11918,1504
111584,1/4/2022,1:30:19,0,0,0,0,0,0,0,0
111585,1/4/2022,1:40:03,1892,749,1945,751,1605,756,11907,1499
111586,1/4/2022,1:50:00,1892,750,1946,751,1606,755,11895,1503
111587,1/4/2022,2:00:19,0,0,0,0,0,0,0,0
111588,1/4/2022,2:10:05,1892,751,1942,751,1605,756,11896,1507
111589,1/4/2022,2:20:00,1892,750,1944,751,1606,754,11934,1504
111590,1/4/2022,2:30:18,0,0,0,0,0,0,0,0
111591,1/4/2022,2:40:02,1892,750,1942,751,1606,756,11917,1508
111592,1/4/2022,2:50:00,1892,749,1942,751,1607,757,11927,1505
111593,1/4/2022,3:00:28,0,0,0,0,0,0,0,0
111594,1/4/2022,3:10:01,1892,749,1942,751,1611,754,11906,1506
111595,1/4/2022,3:20:00,1892,751,1944,751,1610,758,11904,1503
111596,1/4/2022,3:30:33,0,0,0,0,0,0,0,0
111597,1/4/2022,3:40:01,1892,750,1946,751,1612,753,11900,1510
111598,1/4/2022,3:50:01,1892,747,1943,751,1614,756,11926,1512
111599,1/4/2022,4:00:32,0,0,0,0,0,0,0,0
111600,1/4/2022,4:10:00,1892,751,1944,751,1616,755,11936,1508
111601,1/4/2022,4:20:03,1892,751,1946,751,1616,756,11914,1510
111602,1/4/2022,4:30:28,0,0,0,0,0,0,0,0
111603,1/4/2022,4:40:01,1892,751,1945,751,1616,754,11926,1512
111604,1/4/2022,4:50:01,1892,751,1945,751,1616,756,11929,1513
111605,1/4/2022,5:00:25,0,0,0,0,0,0,0,0
111606,1/4/2022,5:10:00,1892,747,1942,751,1617,755,11940,1513
111607,1/4/2022,5:20:01,1892,749,1944,751,1620,755,11937,1513
111608,1/4/2022,5:30:19,0,0,0,0,0,0,0,0
111609,1/4/2022,5:40:01,1892,749,1946,751,1621,756,11898,1513
111610,1/4/2022,5:50:00,1892,748,1944,751,1621,756,11917,1513
111611,1/4/2022,6:00:20,0,0,0,0,0,0,0,0
111612,1/4/2022,6:10:01,1892,750,1945,751,1621,753,11901,1513
111613,1/4/2022,6:20:00,1892,751,1944,751,1621,755,11932,1513
111614,1/4/2022,6:30:28,0,0,0,0,0,0,0,0
111615,1/4/2022,6:40:00,1892,748,1946,751,1621,752,11917,1514
111616,1/4/2022,6:50:00,1892,749,1945,751,1622,755,11890,1516
111617,1/4/2022,7:10:00,1892,750,1946,751,1623,756,11906,1513
111618,1/4/2022,7:20:00,1892,747,1944,751,1624,757,11927,1513
111619,1/4/2022,7:30:27,0,0,0,0,0,0,0,0
111620,1/4/2022,7:40:05,1892,748,1942,751,1622,756,11900,1504
111621,1/4/2022,7:50:02,1892,748,1946,751,1618,756,11923,1500
111622,1/4/2022,8:00:25,0,0,0,0,0,0,0,0
111623,1/4/2022,8:10:00,1892,751,1945,751,1613,756,11900,1496
111624,1/4/2022,8:20:09,1892,750,1942,751,1612,754,11900,1493
111625,1/4/2022,8:30:19,0,0,0,0,0,0,0,0
111626,1/4/2022,8:40:01,1893,747,1946,751,1607,755,11937,1488
111627,1/4/2022,8:50:04,1893,747,1946,750,1607,756,11903,1488
111628,1/4/2022,9:00:28,0,0,0,0,0,0,0,0
111629,1/4/2022,9:10:00,1894,747,1946,749,1607,756,11935,1488
111630,1/4/2022,9:20:00,1894,748,1946,751,1607,755,11937,1484
111631,1/4/2022,9:30:02,1896,750,1946,751,1602,756,11928,1475
111632,1/4/2022,9:40:00,1895,747,1946,749,1597,756,11932,1475
111633,1/4/2022,9:50:00,1895,748,1946,751,1597,755,11927,1474
111634,1/4/2022,10:00:25,0,0,0,0,0,0,0,0
111635,1/4/2022,10:10:07,1893,748,1946,749,1597,756,11914,1475
111636,1/4/2022,10:20:01,1896,747,1946,749,1597,756,11928,1475
111637,1/4/2022,10:30:25,0,0,0,0,0,0,0,0
111638,1/4/2022,10:50:04,1896,747,1949,750,1593,756,11928,1469
111639,1/4/2022,11:00:27,0,0,0,0,0,0,0,0
111640,1/4/2022,11:10:01,1896,747,1951,751,1591,755,11928,1461
111641,1/4/2022,11:20:00,1896,747,1951,751,1591,755,11941,0
111642,1/4/2022,11:30:04,1896,747,1951,751,1592,754,11949,1467
111643,1/4/2022,11:40:02,1896,747,1951,751,1592,754,11955,1469
111644,1/4/2022,11:50:00,1897,747,1951,751,1592,757,11969,1465
111645,1/4/2022,12:00:28,0,0,0,0,0,0,0,0
111646,1/4/2022,12:10:01,1900,747,1951,751,1588,755,11957,1460
111647,1/4/2022,12:20:00,1901,747,1953,749,1588,754,11963,1464
111648,1/4/2022,12:30:32,0,0,0,0,0,0,0,0
111649,1/4/2022,12:40:01,1901,747,1953,751,1588,754,11970,1460
111650,1/4/2022,12:50:03,1901,747,1953,751,1584,756,11942,1464
111651,1/4/2022,13:00:34,0,0,0,0,0,0,0,0
111652,1/4/2022,13:10:03,1901,747,1955,749,1588,753,11956,1460
111653,1/4/2022,13:20:00,1901,747,1955,749,1587,754,11942,1459
111654,1/4/2022,13:30:00,1901,747,1955,751,1583,754,11942,1460
111655,1/4/2022,13:40:00,1901,747,1955,751,1583,754,11955,1457
111656,1/4/2022,13:50:00,1901,747,1955,751,1587,756,11942,1446
111657,1/4/2022,14:00:27,0,0,0,0,0,0,0,0
111658,1/4/2022,14:10:01,1901,747,1960,748,1592,756,11942,1462
111659,1/4/2022,14:20:01,1899,747,1959,751,1593,756,11942,1454
111660,1/4/2022,14:30:25,0,0,0,0,0,0,0,0
111661,1/4/2022,14:40:09,1901,747,1960,748,1588,753,11942,1445
111662,1/4/2022,14:50:01,1901,747,1960,749,1588,756,11942,1459
111663,1/4/2022,15:00:25,0,0,0,0,0,0,0,0
111664,1/4/2022,15:10:07,1901,747,1960,751,1583,755,11942,1459
111665,1/4/2022,15:20:00,1901,747,1960,750,1580,756,11942,1460
111666,1/4/2022,15:30:26,0,0,0,0,0,0,0,0
111667,1/4/2022,15:40:09,1901,747,1963,750,1582,756,11942,1465
111668,1/4/2022,15:50:00,1901,747,1964,751,1578,756,11955,1461
111669,1/4/2022,16:10:03,1902,747,1965,751,1582,756,11942,1464
111670,1/4/2022,16:20:02,1904,747,1965,751,1579,753,11943,1465
111671,1/4/2022,16:40:00,1902,747,1965,751,1582,756,11942,1469
111672,1/4/2022,17:10:00,1904,747,1965,748,1587,756,11914,1474
111673,1/4/2022,17:20:00,1906,747,1965,751,1587,756,11941,0
111674,1/4/2022,17:30:25,0,0,0,0,0,0,0,0
111675,1/4/2022,17:40:05,1904,747,1966,750,1592,755,11940,1478
111676,1/4/2022,17:50:01,1902,747,1967,748,1592,755,11912,1479
111677,1/4/2022,18:00:28,0,0,0,0,0,0,0,0
111678,1/4/2022,18:10:00,1905,748,1969,751,1592,753,11935,1478
111679,1/4/2022,18:20:03,1906,747,1969,749,1593,752,11940,1483
111680,1/4/2022,18:50:00,1904,751,1967,751,1596,756,11920,1486
111681,1/4/2022,19:10:00,1906,747,1970,751,1596,756,11928,1492
111682,1/4/2022,19:20:06,1904,750,1970,747,1599,754,11932,1493
111683,1/4/2022,19:40:02,1904,750,1970,751,1601,754,11940,1496
111684,1/4/2022,19:50:08,1906,749,1970,751,1597,756,11914,1496
111685,1/4/2022,20:10:01,1903,747,1970,751,1600,756,11938,1498
111686,1/4/2022,20:20:07,1905,751,1970,751,1601,756,11936,1498
111687,1/4/2022,20:40:00,1906,751,1970,751,1602,756,11930,1502
111688,1/4/2022,20:50:00,1906,749,1970,751,1606,754,11891,1496
111689,1/4/2022,21:10:01,1906,751,1970,751,1606,754,11930,1503
111690,1/4/2022,21:20:00,1906,750,1970,751,1606,755,11920,1503
111691,1/4/2022,21:40:03,1906,751,1970,751,1610,755,11895,1508
111692,1/4/2022,21:50:00,1906,751,1971,751,1611,752,11934,1508
111693,1/4/2022,22:10:03,1906,749,1972,751,1611,756,11925,1508
111694,1/4/2022,22:20:06,1906,748,1972,751,1611,756,11934,1508
111695,1/4/2022,22:40:10,0,0,0,0,0,0,0,0
111696,1/4/2022,22:50:00,1906,750,1972,751,1612,756,11911,1511
111697,1/4/2022,23:20:00,1906,749,1972,751,1616,755,11934,1508
111698,1/4/2022,23:40:00,1906,751,1974,751,1616,756,11906,1509
111699,1/4/2022,23:50:00,1906,747,1975,751,1617,756,11935,1513
111700,1/5/2022,0:10:00,1906,750,1974,751,1620,756,11890,1511
111701,1/5/2022,0:40:03,1906,751,1974,751,1621,756,11926,1513
111702,1/5/2022,0:50:00,1907,749,1975,751,1621,756,11893,1513
111703,1/5/2022,1:10:04,1907,751,1975,751,1622,755,11906,1514
111704,1/5/2022,1:20:01,1907,749,1974,751,1623,754,11917,1513
111705,1/5/2022,1:40:00,1909,751,1971,751,1626,756,11929,1516
111706,1/5/2022,1:50:01,1907,750,1971,751,1626,754,11917,1518
111707,1/5/2022,2:10:00,1910,751,1971,751,1626,759,11899,1518
111708,1/5/2022,2:20:00,1911,748,1971,751,1626,754,11934,1518
111709,1/5/2022,2:40:03,1907,751,1972,751,1631,756,11934,1518
111710,1/5/2022,2:50:00,1908,748,1971,751,1627,755,11914,1518
111711,1/5/2022,3:10:01,1911,751,1971,751,1630,756,11890,1517
111712,1/5/2022,3:20:09,1909,749,1967,751,1631,756,11898,1520
111713,1/5/2022,3:40:01,1911,751,1961,751,1631,756,11926,1523
111714,1/5/2022,3:50:08,1911,751,1961,751,1631,756,11919,1523
111715,1/5/2022,4:10:00,1908,751,1959,751,1632,756,11932,1523
111716,1/5/2022,4:20:01,1910,751,1959,751,1632,756,11921,1518
111717,1/5/2022,4:30:17,0,0,0,0,0,0,0,0
111718,1/5/2022,4:40:00,1911,750,1955,751,1636,753,11892,1523
111719,1/5/2022,4:50:00,1911,747,1955,751,1635,758,11906,1519
111720,1/5/2022,5:10:02,1907,748,1951,751,1636,760,11937,1523
111721,1/5/2022,5:20:08,1910,749,1951,751,1636,758,11897,1523
111722,1/5/2022,5:40:00,1908,748,1951,751,1637,753,11898,1524
111723,1/5/2022,5:50:07,1909,748,1947,751,1637,753,11935,1523
111724,1/5/2022,6:10:02,1910,751,1947,751,1637,758,11913,1519
111725,1/5/2022,6:20:00,1910,750,1946,751,1638,756,11892,1521
111726,1/5/2022,6:40:01,1911,751,1945,751,1641,756,11893,1519
111727,1/5/2022,6:50:08,1910,747,1944,751,1641,758,11895,1523
111728,1/5/2022,7:10:04,1911,748,1942,751,1637,754,11924,1523
111729,1/5/2022,7:20:09,1911,751,1946,751,1637,756,11924,1523
111730,1/5/2022,7:40:02,1909,748,1942,751,1637,756,11921,1518
111731,1/5/2022,7:50:07,1911,747,1944,751,1635,755,11930,1518
111732,1/5/2022,8:10:03,1908,751,1942,751,1636,756,11893,1517
111733,1/5/2022,8:20:08,1911,749,1946,751,1633,759,11927,1513
111734,1/5/2022,8:40:00,1911,748,1944,751,1630,754,11892,1507
111735,1/5/2022,8:50:01,1911,749,1946,751,1631,756,11899,1507
111736,1/5/2022,9:20:00,1911,751,1945,751,1627,755,11932,1501
111737,1/5/2022,9:40:03,1911,748,1946,751,1623,754,11933,1491
111738,1/5/2022,9:50:00,1911,749,1946,751,1622,756,11938,1498
111739,1/5/2022,10:10:00,1911,749,1946,751,1621,756,11928,1489
111740,1/5/2022,10:20:09,1911,747,1946,751,1618,755,11930,1493
111741,1/5/2022,10:40:01,1911,751,1946,751,1617,755,11904,1487
111742,1/5/2022,11:10:00,1913,750,1946,751,1611,756,11940,1478
111743,1/5/2022,11:20:09,1913,747,1947,751,1607,756,11941,0
111744,1/5/2022,11:40:00,1916,748,1950,751,1607,755,11945,1480
111745,1/5/2022,11:50:00,1916,747,1951,751,1607,754,11952,1479
111746,1/5/2022,12:20:00,1916,747,1951,751,1602,754,11959,1474
111747,1/5/2022,12:40:00,1916,750,1953,751,1597,754,11966,1474
111748,1/5/2022,12:50:01,1916,749,1952,751,1597,756,11945,1474
111749,1/5/2022,13:10:01,1916,747,1955,751,1597,756,11942,1477
111750,1/5/2022,13:40:03,1918,747,1955,750,1593,755,11942,1470
111751,1/5/2022,13:50:01,1917,747,1955,751,1593,756,11942,1461
111752,1/5/2022,14:10:01,1920,747,1960,749,1597,757,11943,1474
111753,1/5/2022,14:20:01,1920,747,1959,751,1601,756,11942,1470
111754,1/5/2022,14:40:02,1917,747,1960,750,1601,756,11942,1471
111755,1/5/2022,14:50:01,1921,747,1960,751,1601,756,11943,1465
111756,1/5/2022,15:10:03,1919,747,1960,751,1597,755,11943,1465
111757,1/5/2022,15:20:00,1919,747,1961,750,1594,754,11942,1464
111758,1/5/2022,15:40:00,1921,747,1965,751,1596,756,11970,1474
111759,1/5/2022,15:50:01,1921,747,1965,751,1596,755,11942,1473
111760,1/5/2022,16:10:00,1921,747,1965,748,1596,754,11942,1473
111761,1/5/2022,16:20:00,1921,747,1965,751,1596,756,11955,1474
111762,1/5/2022,16:40:05,1921,748,1965,751,1593,756,11942,1475
111763,1/5/2022,16:50:10,1921,747,1965,751,1596,752,11942,1459
111764,1/5/2022,17:40:01,1921,750,1970,751,1602,755,11929,1488
111765,1/5/2022,17:50:00,1921,747,1970,749,1603,755,11928,1488
111766,1/5/2022,18:10:00,1921,751,1970,751,1606,756,11940,1493
111767,1/5/2022,18:20:00,1921,747,1970,751,1606,755,11938,1492
111768,1/5/2022,18:40:00,1921,749,1970,751,1604,756,11937,1490
111769,1/5/2022,18:50:08,1921,749,1970,751,1603,757,11892,1490
111770,1/5/2022,19:20:00,1921,751,1970,751,1611,754,11899,1497
111771,1/5/2022,19:40:00,1921,748,1970,751,1607,756,11934,1501
111772,1/5/2022,19:50:00,1921,750,1970,751,1607,756,11904,1501
111773,1/5/2022,20:00:23,0,0,0,0,0,0,0,0
111774,1/5/2022,20:10:01,1922,749,1971,751,1611,756,11914,1505
111775,1/5/2022,20:20:04,1922,750,1971,751,1611,755,11900,1506
111776,1/5/2022,20:40:00,1922,751,1971,751,1611,753,11890,1508
111777,1/5/2022,20:50:01,1924,751,1971,751,1612,756,11930,1508
111778,1/5/2022,21:10:00,1925,748,1974,751,1616,756,11914,1513
111779,1/5/2022,21:20:00,1922,751,1973,751,1616,756,11926,1511
111780,1/5/2022,21:40:04,1924,749,1975,751,1616,756,11903,1510
111781,1/5/2022,21:50:00,1922,749,1975,751,1616,755,11920,1513
111782,1/5/2022,22:10:07,1925,751,1975,751,1619,756,11918,1513
111783,1/5/2022,22:20:09,1926,751,1974,751,1621,756,11939,1513
111784,1/5/2022,22:40:02,1925,751,1975,751,1621,757,11914,1513
111785,1/5/2022,22:50:08,1924,751,1975,751,1621,757,11934,1512
111786,1/5/2022,23:10:00,1924,751,1975,751,1622,757,11913,1513
111787,1/5/2022,23:20:06,1923,750,1975,751,1622,756,11931,1518
111788,1/5/2022,23:40:01,1924,751,1975,751,1625,752,11901,1518
111789,1/5/2022,23:50:01,1926,751,1975,751,1626,756,11887,1518
111790,1/6/2022,0:10:00,1926,749,1975,751,1626,753,11888,1518
111791,1/6/2022,0:20:00,1926,751,1975,751,1626,756,11894,1518
111792,1/6/2022,1:10:00,1926,751,1975,751,1631,757,11890,1519
111793,1/6/2022,1:40:02,1926,751,1975,751,1631,755,11930,1518
111794,1/6/2022,1:50:01,1926,751,1975,751,1631,755,11932,1518
111795,1/6/2022,2:10:01,1926,749,1975,751,1631,756,11923,1521
111796,1/6/2022,2:20:00,1926,751,1975,751,1634,757,11894,1523
111797,1/6/2022,2:40:01,1926,751,1975,751,1636,756,11930,1523
111798,1/6/2022,2:50:01,1926,751,1975,751,1632,754,11902,1523
111799,1/6/2022,3:10:00,1926,751,1975,752,1636,756,11887,1525
111800,1/6/2022,3:20:00,1926,749,1975,752,1636,760,11891,1525
111801,1/6/2022,3:40:04,1926,751,1975,752,1636,756,11894,1524
111802,1/6/2022,3:50:01,1926,751,1975,752,1636,756,11892,1528
111803,1/6/2022,4:10:00,1926,751,1975,752,1638,756,11893,1527
111804,1/6/2022,4:20:01,1926,751,1975,752,1640,756,11901,1522
111805,1/6/2022,4:40:01,1926,748,1975,752,1641,756,11906,1524
111806,1/6/2022,4:50:00,1926,751,1975,752,1641,756,11887,1526
111807,1/6/2022,5:10:03,1929,750,1976,752,1646,760,11928,1526
111808,1/6/2022,5:20:07,1927,750,1976,752,1642,756,11913,1528
111809,1/6/2022,5:40:05,1927,751,1976,752,1645,756,11931,1533
111810,1/6/2022,5:50:10,1927,748,1976,752,1643,757,11909,1529
111811,1/6/2022,6:10:04,1927,751,1976,752,1646,755,11918,1533
111812,1/6/2022,6:20:01,1927,751,1976,752,1646,754,11900,1533
111813,1/6/2022,6:40:04,1927,749,1976,752,1646,757,11906,1533
111814,1/6/2022,6:50:00,1927,748,1976,752,1646,753,11902,1533
111815,1/6/2022,7:10:03,1927,749,1976,752,1646,754,11924,1533
111816,1/6/2022,7:20:07,1927,749,1976,752,1646,755,11909,1530
111817,1/6/2022,7:40:01,1927,751,1976,752,1646,752,11931,1529
111818,1/6/2022,7:50:07,1927,751,1976,752,1646,754,11939,1524
111819,1/6/2022,8:10:06,1927,748,1976,752,1645,756,11934,1517
111820,1/6/2022,8:20:00,1929,751,1976,752,1642,756,11913,1513
111821,1/6/2022,8:40:03,1931,751,1980,752,1633,754,11921,1504
111822,1/6/2022,8:50:00,1931,750,1979,752,1632,756,11926,1500
111823,1/6/2022,9:10:01,1929,751,1976,752,1627,752,11905,1494
111824,1/6/2022,9:20:09,1929,750,1976,752,1625,756,11907,1494
111825,1/6/2022,9:40:02,1926,751,1971,752,1617,756,11930,1487
111826,1/6/2022,9:50:00,1923,749,1969,752,1617,754,11914,1488
111827,1/6/2022,10:10:00,1922,747,1966,752,1617,755,11914,1480
111828,1/6/2022,10:20:00,1922,749,1964,752,1617,753,11928,1480
111829,1/6/2022,10:40:04,1921,748,1961,752,1612,755,11928,1478
111830,1/6/2022,10:50:05,1920,751,1961,752,1612,755,11938,1478
111831,1/6/2022,11:10:04,0,0,0,0,0,0,0,0
111832,1/6/2022,11:20:00,1917,749,1959,752,1607,756,11941,0
111833,1/6/2022,11:40:01,1917,747,1956,752,1607,756,11952,1474
111834,1/6/2022,11:50:00,1917,747,1956,752,1602,756,11981,1472
111835,1/6/2022,12:10:00,1917,748,1955,752,1602,756,11954,1473
111836,1/6/2022,12:20:09,1916,747,1955,752,1602,756,11962,1471
111837,1/6/2022,12:40:00,1915,747,1952,751,1598,758,11969,1469
111838,1/6/2022,12:50:00,1912,747,1952,749,1601,755,11958,1468
111839,1/6/2022,13:10:00,1912,747,1952,751,1597,756,11942,1465
111840,1/6/2022,13:20:00,1912,747,1952,751,1597,756,11942,1469
111841,1/6/2022,13:40:01,1912,747,1952,751,1593,756,11970,1465
111842,1/6/2022,13:50:00,1912,747,1952,751,1596,753,11944,1460
111843,1/6/2022,14:20:00,1910,747,1952,751,1605,753,11942,1449
111844,1/6/2022,14:40:03,1907,747,1949,751,1597,754,11949,1444
111845,1/6/2022,14:50:00,1908,747,1951,751,1595,756,11942,1444
111846,1/6/2022,15:10:02,1907,747,1951,751,1581,756,11942,1454
111847,1/6/2022,15:20:04,1907,747,1951,750,1578,754,11948,1458
111848,1/6/2022,15:40:00,1907,747,1948,748,1573,756,11962,1459
111849,1/6/2022,15:50:01,1907,747,1951,751,1573,756,11960,1460
111850,1/6/2022,16:10:00,1907,747,1948,750,1572,756,11973,1464
111851,1/6/2022,16:20:00,1907,747,1948,750,1572,756,11950,1465
111852,1/6/2022,16:40:00,1905,747,1951,749,1572,756,11942,1470
111853,1/6/2022,16:50:01,1904,747,1949,750,1572,755,11955,1474
111854,1/6/2022,17:10:03,1906,747,1947,750,1572,756,11942,1474
111855,1/6/2022,17:20:00,0,0,0,0,0,0,0,0
111856,1/6/2022,17:40:00,1902,747,1947,751,1573,754,11914,1478
111857,1/6/2022,17:50:08,1902,747,1947,751,1577,756,11935,1478
111858,1/6/2022,18:10:00,1902,747,1947,751,1577,756,11931,1483
111859,1/6/2022,18:20:09,1902,747,1947,751,1577,756,11913,1483
111860,1/6/2022,18:40:04,1902,748,1947,749,1577,756,11924,1483
111861,1/6/2022,18:50:04,1902,748,1947,751,1577,756,11938,1483
111862,1/6/2022,19:10:00,1901,747,1947,751,1577,755,11922,1488
111863,1/6/2022,19:20:01,1901,748,1947,751,1577,756,11940,1489
111864,1/6/2022,19:40:00,1900,748,1946,749,1579,755,11925,1493
111865,1/6/2022,19:50:08,1898,749,1946,750,1582,756,11922,1493
111866,1/6/2022,20:10:05,1900,750,1946,751,1582,754,11940,1493
111867,1/6/2022,20:20:08,1898,747,1946,751,1582,754,11936,1493
111868,1/6/2022,20:40:02,1897,747,1944,751,1582,754,11896,1497
111869,1/6/2022,20:50:07,1897,747,1946,751,1582,756,11912,1498
111870,1/6/2022,21:10:00,1900,748,1946,749,1583,757,11891,1503
111871,1/6/2022,21:20:00,1897,750,1946,751,1584,758,11916,1503
111872,1/6/2022,21:40:01,1898,750,1942,751,1587,757,11900,1508
111873,1/6/2022,21:50:00,1897,750,1943,751,1588,753,11930,1508
111874,1/6/2022,22:00:25,0,0,0,0,0,0,0,0
111875,1/6/2022,22:10:02,1897,750,1942,750,1588,753,11937,1508
111876,1/6/2022,22:20:00,1897,750,1943,750,1588,756,11902,1508
111877,1/6/2022,22:30:31,0,0,0,0,0,0,0,0
111878,1/6/2022,22:40:00,1897,751,1946,751,1592,755,11940,1513
111879,1/6/2022,22:50:01,1897,750,1943,751,1590,752,11924,1513
111880,1/6/2022,23:00:26,0,0,0,0,0,0,0,0
111881,1/6/2022,23:10:06,1897,751,1945,749,1590,756,11933,1513
111882,1/6/2022,23:20:01,1897,747,1944,751,1590,757,11923,1513
111883,1/6/2022,23:30:27,0,0,0,0,0,0,0,0
111884,1/6/2022,23:40:00,1897,750,1942,751,1592,756,11896,1514
111885,1/6/2022,23:50:01,1897,751,1946,751,1592,756,11909,1517
111886,1/7/2022,0:00:27,0,0,0,0,0,0,0,0
111887,1/7/2022,0:10:00,1897,747,1945,751,1592,755,11902,1514
111888,1/7/2022,0:20:00,1897,748,1946,751,1593,753,11889,1514
111889,1/7/2022,0:30:18,0,0,0,0,0,0,0,0
111890,1/7/2022,0:40:02,1896,749,1945,751,1593,756,11933,1515
111891,1/7/2022,0:50:03,1896,747,1942,751,1593,754,11890,1518
111892,1/7/2022,1:10:01,1896,751,1942,751,1593,755,11896,1517
111893,1/7/2022,1:20:00,1896,750,1944,751,1593,756,11897,1517
111894,1/7/2022,1:30:25,0,0,0,0,0,0,0,0
111895,1/7/2022,1:40:04,1894,748,1942,751,1596,756,11928,1518
111896,1/7/2022,1:50:00,1896,751,1944,751,1595,756,11892,1518
111897,1/7/2022,2:00:25,0,0,0,0,0,0,0,0
111898,1/7/2022,2:10:08,1896,751,1942,751,1594,756,11909,1516
111899,1/7/2022,2:20:04,1894,750,1944,751,1595,756,11939,1518
111900,1/7/2022,2:30:25,0,0,0,0,0,0,0,0
111901,1/7/2022,2:40:00,1894,751,1944,751,1594,755,11902,1518
111902,1/7/2022,2:50:01,1894,751,1942,751,1596,756,11905,1518
111903,1/7/2022,3:00:32,0,0,0,0,0,0,0,0
111904,1/7/2022,3:10:01,1893,748,1945,751,1597,754,11931,1518
111905,1/7/2022,3:20:01,1893,748,1942,751,1598,756,11914,1519
111906,1/7/2022,3:30:25,0,0,0,0,0,0,0,0
111907,1/7/2022,3:40:00,1893,747,1942,751,1597,756,11905,1519
111908,1/7/2022,3:50:01,1893,751,1943,751,1600,756,11926,1523
111909,1/7/2022,4:00:27,0,0,0,0,0,0,0,0
111910,1/7/2022,4:10:00,1893,750,1942,751,1601,756,11897,1523
111911,1/7/2022,4:20:05,1893,749,1942,751,1601,754,11889,1523
111912,1/7/2022,4:30:19,0,0,0,0,0,0,0,0
111913,1/7/2022,4:40:00,1895,747,1943,751,1602,754,11892,1523
111914,1/7/2022,5:00:28,0,0,0,0,0,0,0,0
111915,1/7/2022,5:10:01,0,0,0,0,0,0,0,0
111916,1/7/2022,5:20:00,1893,749,1942,751,1605,756,11940,1527
111917,1/7/2022,5:30:19,1893,748,1942,751,1606,756,11926,1528
111918,1/7/2022,5:40:05,1893,748,1942,751,1605,754,11940,1527
111919,1/7/2022,5:50:04,1893,749,1942,751,1606,754,11918,1528
111920,1/7/2022,6:00:18,0,0,0,0,0,0,0,0
111921,1/7/2022,6:10:00,1893,750,1944,751,1606,755,11932,1528
111922,1/7/2022,6:20:01,1893,749,1942,749,1606,755,11908,1528
111923,1/7/2022,6:30:19,0,0,0,0,0,0,0,0
111924,1/7/2022,6:40:04,1893,747,1942,751,1608,755,11935,1528
111925,1/7/2022,6:50:01,1893,747,1942,751,1608,755,11918,1528
111926,1/7/2022,7:00:21,0,0,0,0,0,0,0,0
111927,1/7/2022,7:10:00,1893,747,1942,751,1607,755,11920,1527
111928,1/7/2022,7:20:00,1893,747,1942,751,1607,753,11913,1528
111929,1/7/2022,7:30:27,0,0,0,0,0,0,0,0
111930,1/7/2022,7:50:00,1893,747,1942,750,1605,754,11913,1524
111931,1/7/2022,8:00:27,0,0,0,0,0,0,0,0
111932,1/7/2022,8:10:07,1893,747,1942,750,1602,754,11923,1524
111933,1/7/2022,8:20:00,1893,747,1942,750,1599,752,11904,1524
111934,1/7/2022,8:30:28,0,0,0,0,0,0,0,0
111935,1/7/2022,8:40:04,1893,747,1942,749,1596,756,11923,1519
111936,1/7/2022,8:50:00,1893,747,1942,750,1594,756,11928,1517
111937,1/7/2022,9:00:28,0,0,0,0,0,0,0,0
111938,1/7/2022,9:10:01,1895,747,1942,751,1592,755,11933,1509
111939,1/7/2022,9:20:08,1894,747,1942,751,1588,753,11914,1509
111940,1/7/2022,9:30:28,0,0,0,0,0,0,0,0
111941,1/7/2022,9:40:01,1894,747,1942,748,1583,755,11915,1504
111942,1/7/2022,9:50:00,1896,747,1942,749,1587,756,11933,1504
111943,1/7/2022,10:00:27,0,0,0,0,0,0,0,0
111944,1/7/2022,10:10:01,1896,747,1945,751,1583,756,11936,1504
111945,1/7/2022,10:20:04,1895,747,1942,748,1583,755,11940,1503
111946,1/7/2022,10:30:27,0,0,0,0,0,0,0,0
111947,1/7/2022,10:40:05,1894,747,1942,749,1582,756,11940,1499
111948,1/7/2022,10:50:00,1896,747,1946,747,1580,756,11939,1494
111949,1/7/2022,11:00:19,0,0,0,0,0,0,0,0
111950,1/7/2022,11:10:01,1896,747,1944,749,1579,756,11941,0
111951,1/7/2022,11:20:00,1896,747,1942,750,1578,754,11941,0
111952,1/7/2022,11:30:27,0,0,0,0,0,0,0,0
111953,1/7/2022,11:40:03,1896,747,1944,750,1582,755,11945,1493
111954,1/7/2022,11:50:00,1896,747,1944,749,1582,753,11967,1493
111955,1/7/2022,12:00:27,0,0,0,0,0,0,0,0
111956,1/7/2022,12:10:02,1896,747,1946,750,1577,754,11966,1492
111957,1/7/2022,12:20:00,1896,747,1946,751,1577,753,11975,1493
111958,1/7/2022,12:30:26,0,0,0,0,0,0,0,0
111959,1/7/2022,12:40:08,1896,747,1946,749,1573,755,11943,1488
111960,1/7/2022,12:50:00,1896,747,1946,747,1573,755,11985,1488
111961,1/7/2022,13:00:29,0,0,0,0,0,0,0,0
111962,1/7/2022,13:10:03,1896,747,1946,750,1574,754,11942,1488
111963,1/7/2022,13:20:01,1896,747,1946,747,1577,753,11942,1489
111964,1/7/2022,13:30:26,0,0,0,0,0,0,0,0
111965,1/7/2022,13:40:09,1896,747,1946,750,1571,755,11942,1484
111966,1/7/2022,13:50:00,1896,747,1947,748,1572,753,11942,1478
111967,1/7/2022,14:00:28,0,0,0,0,0,0,0,0
111968,1/7/2022,14:10:03,1897,747,1950,750,1572,756,11949,1481
111969,1/7/2022,14:20:04,1897,747,1948,751,1572,754,11970,1488
111970,1/7/2022,14:30:00,1898,747,1951,747,1569,753,11942,1470
111971,1/7/2022,14:40:03,1897,747,1951,748,1564,752,11942,1474
111972,1/7/2022,14:50:00,1901,747,1951,748,1566,754,11942,1467
111973,1/7/2022,15:00:27,0,0,0,0,0,0,0,0
111974,1/7/2022,15:10:02,1900,747,1951,748,1562,756,11942,1478
111975,1/7/2022,15:20:01,1897,747,1951,749,1558,753,11942,1478
111976,1/7/2022,15:30:20,0,0,0,0,0,0,0,0
111977,1/7/2022,15:40:06,1898,747,1951,748,1567,755,11942,1483
111978,1/7/2022,15:50:00,1901,747,1951,749,1567,755,11940,1487
111979,1/7/2022,16:00:00,0,0,0,0,0,0,0,0
111980,1/7/2022,16:10:00,1897,747,1951,751,1567,756,11940,1489
111981,1/7/2022,16:20:03,0,0,0,0,0,0,0,0
111982,1/7/2022,16:30:26,0,0,0,0,0,0,0,0
111983,1/7/2022,16:40:05,1899,747,1951,750,1558,753,11941,0
111984,1/7/2022,16:50:00,1900,747,1951,748,1562,756,11941,0
111985,1/7/2022,17:10:09,1897,747,1951,751,1564,753,11914,1493
111986,1/7/2022,17:20:00,1897,747,1951,747,1567,754,11933,1491
111987,1/7/2022,17:30:27,0,0,0,0,0,0,0,0
111988,1/7/2022,17:40:05,1898,747,1951,750,1562,754,11928,1493
111989,1/7/2022,17:50:00,1897,747,1951,748,1567,753,11939,1493
111990,1/7/2022,18:00:25,0,0,0,0,0,0,0,0
111991,1/7/2022,18:10:08,1901,747,1951,749,1567,755,11914,1497
111992,1/7/2022,18:20:00,1899,747,1951,748,1569,754,11923,1498
111993,1/7/2022,18:30:27,0,0,0,0,0,0,0,0
111994,1/7/2022,18:40:00,1900,747,1951,750,1572,756,11938,1496
111995,1/7/2022,18:50:01,1901,747,1951,751,1572,756,11939,1503
111996,1/7/2022,19:00:23,0,0,0,0,0,0,0,0
111997,1/7/2022,19:10:00,1897,747,1951,747,1572,754,11908,1503
111998,1/7/2022,19:20:01,1898,747,1951,750,1572,754,11920,1503
111999,1/7/2022,19:30:00,1897,747,1951,749,1572,754,11939,1503
112000,1/7/2022,19:40:01,1898,747,1951,747,1572,756,11931,1504
112001,1/7/2022,19:50:03,1899,747,1951,747,1572,756,11931,1506
112002,1/7/2022,20:10:06,1899,747,1951,751,1576,754,11896,1508
112003,1/7/2022,20:20:00,1899,747,1951,751,1576,753,11940,1508
112004,1/7/2022,20:40:00,1901,747,1951,751,1577,756,11899,1508
112005,1/7/2022,20:50:00,1900,747,1950,749,1577,756,11893,1508
112006,1/7/2022,21:00:27,0,0,0,0,0,0,0,0
112007,1/7/2022,21:10:03,1900,747,1951,750,1577,755,11940,1508
112008,1/7/2022,21:20:00,1900,747,1951,749,1577,753,11895,1508
112009,1/7/2022,21:30:19,0,0,0,0,0,0,0,0
112010,1/7/2022,21:40:00,1898,747,1951,750,1580,756,11905,1510
112011,1/7/2022,21:50:00,1899,747,1950,750,1580,753,11914,1511
112012,1/7/2022,22:00:30,0,0,0,0,0,0,0,0
112013,1/7/2022,22:10:00,1898,750,1951,748,1582,754,11912,1513
112014,1/7/2022,22:20:00,1897,750,1951,751,1582,754,11921,1513
112015,1/7/2022,22:30:19,0,0,0,0,0,0,0,0
112016,1/7/2022,22:40:05,1897,747,1951,748,1583,752,11903,1513
112017,1/7/2022,23:10:00,1899,749,1949,750,1586,755,11907,1513
112018,1/7/2022,23:20:00,1897,747,1951,749,1587,755,11907,1514
112019,1/7/2022,23:40:01,1901,750,1950,749,1587,753,11926,1514
112020,1/7/2022,23:50:01,1897,751,1951,751,1587,754,11928,1518
112021,1/8/2022,0:10:02,1900,749,1949,751,1587,756,11902,1516
112022,1/8/2022,0:20:00,1899,750,1951,751,1587,753,11937,1517
112023,1/8/2022,0:40:02,1898,749,1949,751,1587,756,11892,1518
112024,1/8/2022,0:50:00,1901,748,1949,751,1588,756,11900,1518
112025,1/8/2022,1:10:01,1899,748,1951,751,1588,756,11920,1518
112026,1/8/2022,1:20:01,1899,750,1951,751,1588,755,11907,1518
112027,1/8/2022,1:40:03,1899,750,1951,749,1589,755,11898,1519
112028,1/8/2022,1:50:00,1897,750,1949,749,1591,755,11898,1523
112029,1/8/2022,2:10:00,1899,748,1950,751,1592,755,11929,1520
112030,1/8/2022,2:20:01,1898,751,1951,751,1592,756,11903,1523
112031,1/8/2022,2:40:01,1899,748,1951,751,1592,756,11923,1522
112032,1/8/2022,2:50:09,1901,747,1951,750,1592,752,11920,1519
112033,1/8/2022,3:20:04,1901,747,1951,749,1592,754,11903,1523
112034,1/8/2022,3:40:02,1898,751,1948,751,1592,756,11909,1523
112035,1/8/2022,3:50:09,1898,747,1950,748,1592,756,11927,1520
112036,1/8/2022,4:10:00,1901,748,1951,751,1596,756,11887,1523
112037,1/8/2022,4:20:02,1900,747,1948,748,1595,755,11893,1523
112038,1/8/2022,4:40:00,1899,747,1948,749,1593,756,11920,1523
112039,1/8/2022,4:50:06,1901,747,1951,751,1596,753,11919,1524
112040,1/8/2022,5:10:01,1900,747,1951,751,1596,754,11906,1524
112041,1/8/2022,5:20:09,1900,747,1951,751,1596,754,11905,1525
112042,1/8/2022,5:30:20,0,0,0,0,0,0,0,0
112043,1/8/2022,5:40:01,1900,749,1949,751,1601,756,11892,1525
112044,1/8/2022,5:50:08,1898,747,1951,749,1597,754,11888,1524
112045,1/8/2022,6:10:03,1901,747,1951,751,1601,756,11931,1524
112046,1/8/2022,6:20:01,1901,748,1950,749,1601,752,11930,1524
112047,1/8/2022,6:40:01,1897,747,1950,751,1601,754,11917,1524
112048,1/8/2022,6:50:00,1898,747,1951,751,1601,756,11929,1525
112049,1/8/2022,7:10:03,1898,747,1951,751,1601,756,11887,1524
112050,1/8/2022,7:20:00,1897,747,1947,749,1601,756,11901,1526
112051,1/8/2022,7:40:02,1898,747,1949,749,1601,755,11917,1528
112052,1/8/2022,7:50:08,1899,747,1951,751,1599,756,11920,1526
112053,1/8/2022,8:20:07,1900,747,1949,751,1594,752,11936,1515
112054,1/8/2022,8:40:01,1898,747,1950,751,1589,755,11905,1509
112055,1/8/2022,9:10:01,1901,747,1951,751,1583,752,11925,1499
112056,1/8/2022,9:20:00,1901,747,1948,751,1579,755,11940,1499
112057,1/8/2022,9:40:06,1899,747,1949,749,1573,754,11928,1492
112058,1/8/2022,9:50:09,1901,747,1951,751,1573,753,11928,1489
112059,1/8/2022,10:10:03,1901,747,1951,750,1574,753,11938,1489
112060,1/8/2022,10:40:04,1901,747,1951,748,1573,755,11927,1484
112061,1/8/2022,10:50:01,1901,747,1951,751,1572,756,11933,1484
112062,1/8/2022,11:10:00,1901,747,1951,751,1570,756,11938,1483
112063,1/8/2022,11:20:00,0,0,0,0,0,0,0,0
112064,1/8/2022,11:40:00,1906,747,1952,751,1564,754,11974,1483
112065,1/8/2022,11:50:00,1904,747,1952,751,1567,755,11948,1479
112066,1/8/2022,12:10:01,1906,747,1955,749,1561,756,11993,1477
112067,1/8/2022,12:20:09,1906,747,1955,749,1562,754,11985,1476
112068,1/8/2022,12:40:01,1906,747,1955,749,1562,756,11970,1476
112069,1/8/2022,13:10:04,1906,747,1955,750,1563,756,11969,1477
112070,1/8/2022,13:20:03,1906,747,1955,751,1563,755,11942,1475
112071,1/8/2022,13:40:01,1906,747,1958,751,1562,752,11969,1474
112072,1/8/2022,13:50:00,1906,747,1956,751,1562,756,11943,1469
112073,1/8/2022,14:10:04,1906,747,1958,750,1567,756,11942,1469
112074,1/8/2022,14:20:00,1906,747,1957,750,1567,756,11969,1462
112075,1/8/2022,14:40:00,1906,747,1960,750,1557,755,11942,1450
112076,1/8/2022,14:50:00,1906,747,1960,750,1562,753,11950,1454
112077,1/8/2022,15:10:05,1909,747,1960,749,1553,755,11942,1464
112078,1/8/2022,15:20:00,1911,747,1960,747,1552,752,11942,1467
112079,1/8/2022,15:40:04,1911,747,1962,749,1551,756,11989,1474
112080,1/8/2022,15:50:00,1909,747,1965,750,1548,756,11953,1474
112081,1/8/2022,16:10:02,1911,747,1961,751,1552,756,11990,1477
112082,1/8/2022,16:40:01,1910,747,1965,751,1551,752,11981,1483
112083,1/8/2022,16:50:01,1911,747,1965,748,1552,755,11952,1483
112084,1/8/2022,17:10:00,1910,747,1965,748,1552,754,11942,1484
112085,1/8/2022,17:20:01,1911,747,1963,748,1554,754,11942,1488
112086,1/8/2022,17:40:01,1909,747,1962,750,1556,756,11917,1493
112087,1/8/2022,17:50:00,0,0,0,0,0,0,0,0
112088,1/8/2022,18:10:00,1910,747,1965,751,1557,755,11905,1495
112089,1/8/2022,18:20:01,1911,747,1965,751,1558,755,11914,1498
112090,1/8/2022,18:40:07,1910,747,1965,749,1562,754,11912,1498
112091,1/8/2022,18:50:00,1910,747,1965,750,1562,756,11914,1500
112092,1/8/2022,19:10:01,1910,747,1965,747,1562,756,11936,1503
112093,1/8/2022,19:20:00,1911,747,1965,751,1562,756,11941,0
112094,1/8/2022,19:40:02,1910,747,1965,750,1565,756,11896,1504
112095,1/8/2022,19:50:00,1910,747,1965,747,1566,756,11928,1505
112096,1/8/2022,20:10:01,1909,747,1965,751,1567,754,11925,1508
112097,1/8/2022,20:20:08,1911,747,1965,751,1567,756,11917,1507
112098,1/8/2022,20:40:00,1910,747,1965,751,1577,755,11910,1508
112099,1/8/2022,20:50:06,1911,747,1965,750,1578,756,11914,1507
112100,1/8/2022,21:10:01,1911,747,1964,751,1578,756,11891,1508
112101,1/8/2022,21:20:00,1911,750,1964,751,1578,754,11899,1508
112102,1/8/2022,21:40:01,1911,747,1965,751,1582,756,11926,1505
112103,1/8/2022,21:50:00,1910,748,1965,751,1582,754,11918,1508
112104,1/8/2022,22:10:00,1909,747,1965,751,1582,755,11899,1505
112105,1/8/2022,22:20:00,1911,747,1962,748,1582,756,11924,1508
112106,1/8/2022,22:40:01,1911,750,1965,751,1585,755,11937,1508
112107,1/8/2022,23:20:01,1911,750,1965,751,1585,755,11896,1506
112108,1/8/2022,23:50:00,1911,751,1965,751,1587,755,11923,1505
112109,1/9/2022,0:10:00,1911,747,1964,751,1587,753,11920,1508
112110,1/9/2022,0:20:00,1911,748,1965,749,1588,754,11915,1508
112111,1/9/2022,0:40:03,1911,748,1964,749,1591,756,11900,1508
112112,1/9/2022,0:50:00,1911,748,1962,751,1590,756,11906,1508
112113,1/9/2022,1:10:01,1911,749,1965,751,1590,756,11930,1508
112114,1/9/2022,1:20:01,1911,748,1963,751,1592,757,11891,1508
112115,1/9/2022,1:40:00,1911,749,1961,751,1592,755,11906,1508
112116,1/9/2022,1:50:09,1911,750,1962,750,1592,756,11890,1508
112117,1/9/2022,2:00:28,0,0,0,0,0,0,0,0
112118,1/9/2022,2:10:01,1911,750,1963,751,1592,756,11930,1508
112119,1/9/2022,2:20:00,1911,747,1965,751,1596,753,11908,1508
112120,1/9/2022,2:30:27,0,0,0,0,0,0,0,0
112121,1/9/2022,2:40:04,1911,751,1965,751,1596,752,11918,1509
112122,1/9/2022,2:50:00,1911,748,1964,751,1593,756,11897,1511
112123,1/9/2022,3:10:00,1911,747,1965,751,1594,756,11898,1510
112124,1/9/2022,3:20:00,1911,751,1965,751,1593,755,11933,1513
112125,1/9/2022,3:40:02,1911,750,1965,751,1593,756,11895,1510
112126,1/9/2022,3:50:00,1911,747,1964,751,1596,757,11901,1511
112127,1/9/2022,4:00:25,0,0,0,0,0,0,0,0
112128,1/9/2022,4:10:00,1911,747,1963,751,1596,756,11920,1513
112129,1/9/2022,4:20:00,1911,747,1963,751,1596,756,11906,1511
112130,1/9/2022,4:30:27,0,0,0,0,0,0,0,0
112131,1/9/2022,4:40:05,1911,751,1965,751,1596,753,11894,1513
112132,1/9/2022,4:50:02,1911,748,1964,751,1596,756,11893,1513
112133,1/9/2022,5:10:00,1911,748,1965,751,1597,759,11895,1512
112134,1/9/2022,5:20:03,1911,748,1965,751,1597,756,11919,1513
112135,1/9/2022,5:30:27,0,0,0,0,0,0,0,0
112136,1/9/2022,5:40:00,1911,747,1963,751,1601,756,11914,1513
112137,1/9/2022,5:50:01,1911,747,1961,751,1600,754,11898,1513
112138,1/9/2022,6:00:25,0,0,0,0,0,0,0,0
112139,1/9/2022,6:10:00,1911,747,1965,749,1601,753,11898,1513
112140,1/9/2022,6:20:00,1911,749,1965,751,1601,756,11906,1513
112141,1/9/2022,6:30:10,0,0,0,0,0,0,0,0
112142,1/9/2022,6:40:02,1911,747,1965,750,1604,756,11892,1513
112143,1/9/2022,6:50:01,1911,747,1965,749,1602,756,11928,1513
112144,1/9/2022,7:00:27,0,0,0,0,0,0,0,0
112145,1/9/2022,7:10:07,1911,747,1965,751,1602,756,11900,1514
112146,1/9/2022,7:20:00,1911,747,1963,751,1602,756,11938,1514
112147,1/9/2022,7:30:26,0,0,0,0,0,0,0,0
112148,1/9/2022,7:40:00,1911,747,1963,751,1602,756,11893,1509
112149,1/9/2022,7:50:00,1911,747,1965,751,1601,752,11901,1509
112150,1/9/2022,8:00:27,0,0,0,0,0,0,0,0
112151,1/9/2022,8:10:01,1911,747,1965,751,1595,756,11928,1504
112152,1/9/2022,8:20:01,1911,747,1964,751,1593,755,11933,1500
112153,1/9/2022,8:40:01,1911,747,1965,750,1588,756,11900,1499
112154,1/9/2022,8:50:00,1911,747,1965,750,1587,752,11940,1497
112155,1/9/2022,9:00:25,0,0,0,0,0,0,0,0
112156,1/9/2022,9:10:00,1911,747,1965,750,1578,754,11929,1489
112157,1/9/2022,9:20:00,1911,747,1965,749,1575,755,11934,1489
112158,1/9/2022,9:30:28,0,0,0,0,0,0,0,0
112159,1/9/2022,9:40:00,1912,747,1965,751,1565,753,11939,1483
112160,1/9/2022,9:50:00,1912,747,1965,751,1567,755,11903,1484
112161,1/9/2022,10:00:01,1912,747,1963,747,1567,756,11939,1484
112162,1/9/2022,10:10:08,1915,747,1965,751,1563,753,11902,1481
112163,1/9/2022,10:20:01,1913,747,1965,750,1563,755,11910,1480
112164,1/9/2022,10:30:27,0,0,0,0,0,0,0,0
112165,1/9/2022,10:40:00,1916,747,1965,750,1563,755,11940,1477
112166,1/9/2022,10:50:01,1916,747,1965,747,1563,755,11941,0
112167,1/9/2022,11:00:27,0,0,0,0,0,0,0,0
112168,1/9/2022,11:10:03,1918,747,1965,749,1562,755,11941,0
112169,1/9/2022,11:20:00,1917,747,1965,748,1562,756,11935,1477
112170,1/9/2022,11:30:26,0,0,0,0,0,0,0,0
112171,1/9/2022,11:40:03,1912,747,1965,751,1562,756,11949,1478
112172,1/9/2022,11:50:07,1907,747,1965,749,1562,756,11948,1475
112173,1/9/2022,12:00:27,0,0,0,0,0,0,0,0
112174,1/9/2022,12:10:05,1885,747,1961,749,1561,754,11964,1475
112175,1/9/2022,12:20:01,1878,747,1956,748,1558,753,11986,1475
112176,1/9/2022,12:30:00,1870,747,1956,751,1558,756,11950,1474
112177,1/9/2022,12:40:00,1865,746,1952,747,1558,754,11942,1474
112178,1/9/2022,12:50:04,1859,746,1952,749,1558,753,11969,1474
112179,1/9/2022,13:00:26,0,0,0,0,0,0,0,0
112180,1/9/2022,13:10:09,1851,746,1947,747,1561,755,11942,1470
112181,1/9/2022,13:20:01,1848,746,1946,749,1562,754,11943,1474
112182,1/9/2022,13:30:02,1843,746,1943,747,1558,756,11942,1473
112183,1/9/2022,13:40:00,1839,746,1942,749,1562,755,11942,1474
112184,1/9/2022,14:10:00,1829,744,1937,747,1537,754,11942,1464
112185,1/9/2022,14:20:00,1828,746,1934,747,1547,755,11942,1460
112186,1/9/2022,14:30:27,0,0,0,0,0,0,0,0
112187,1/9/2022,14:40:02,1819,746,1932,747,1557,754,11942,1453
112188,1/9/2022,14:50:00,1819,745,1932,747,1556,754,11970,1450
112189,1/9/2022,15:00:28,0,0,0,0,0,0,0,0
112190,1/9/2022,15:10:04,1811,744,1928,747,1552,755,11942,1464
112191,1/9/2022,15:20:00,1809,742,1927,747,1552,753,11942,1465
112192,1/9/2022,15:30:25,0,0,0,0,0,0,0,0
112193,1/9/2022,15:40:05,1809,746,1927,747,1553,756,11980,1469
112194,1/9/2022,15:50:01,1804,743,1925,747,1553,756,11943,1469
112195,1/9/2022,16:00:27,0,0,0,0,0,0,0,0
112196,1/9/2022,16:10:07,1803,745,1922,747,1552,753,11947,1474
112197,1/9/2022,16:20:00,1801,746,1922,747,1554,755,11956,1474
112198,1/9/2022,16:30:27,0,0,0,0,0,0,0,0
112199,1/9/2022,16:40:01,1799,743,1917,747,1557,754,11944,1478
112200,1/9/2022,17:00:29,0,0,0,0,0,0,0,0
112201,1/9/2022,17:10:07,1794,745,1917,747,1558,755,11938,1479
112202,1/9/2022,17:30:30,0,0,0,0,0,0,0,0
112203,1/9/2022,17:40:03,1790,742,1913,747,1562,753,11928,1488
112204,1/9/2022,17:50:01,1793,746,1912,747,1563,755,11914,1488
112205,1/9/2022,18:00:27,0,0,0,0,0,0,0,0
112206,1/9/2022,18:10:03,1789,743,1912,747,1563,753,11934,1493
112207,1/9/2022,18:20:00,1789,746,1912,747,1563,752,11929,1493
112208,1/9/2022,18:30:19,0,0,0,0,0,0,0,0
112209,1/9/2022,18:40:02,1789,746,1908,747,1567,755,11929,1493
112210,1/9/2022,18:50:01,1789,746,1910,747,1570,753,11938,1495
112211,1/9/2022,19:00:25,0,0,0,0,0,0,0,0
112212,1/9/2022,19:10:00,1787,746,1907,749,1568,756,11921,1496
112213,1/9/2022,19:20:03,1788,744,1910,747,1572,752,11939,1498
112214,1/9/2022,19:30:26,0,0,0,0,0,0,0,0
112215,1/9/2022,19:40:08,1788,746,1907,747,1572,754,11935,1498
112216,1/9/2022,19:50:00,1788,746,1907,747,1577,754,11930,1503
112217,1/9/2022,20:00:31,0,0,0,0,0,0,0,0
112218,1/9/2022,20:10:00,1786,746,1907,747,1575,753,11908,1503
112219,1/9/2022,20:20:05,1788,746,1906,749,1573,755,11924,1503
112220,1/9/2022,20:40:00,1788,746,1902,747,1577,754,11914,1503
112221,1/9/2022,20:50:00,1788,746,1905,748,1577,752,11936,1503
112222,1/9/2022,21:00:27,0,0,0,0,0,0,0,0
112223,1/9/2022,21:10:05,1788,746,1904,747,1578,755,11925,1503
112224,1/9/2022,21:20:00,1784,746,1904,748,1578,755,11908,1508
112225,1/9/2022,21:30:18,0,0,0,0,0,0,0,0
112226,1/9/2022,22:20:04,1784,746,1903,750,1581,756,11897,1504
112227,1/9/2022,22:40:00,1784,746,1902,748,1582,756,11890,1506
112228,1/9/2022,22:50:01,1784,746,1902,750,1582,753,11902,1508
112229,1/9/2022,23:10:00,1784,746,1902,749,1582,754,11916,1507
112230,1/9/2022,23:20:00,1784,746,1902,748,1582,755,11918,1507
112231,1/9/2022,23:40:04,1784,746,1902,749,1582,755,11913,1507
112232,1/9/2022,23:50:07,1786,746,1902,751,1582,755,11900,1507
112233,1/10/2022,0:10:00,1784,746,1902,750,1582,756,11899,1505
112234,1/10/2022,0:20:09,1784,746,1902,749,1584,756,11911,1505
112235,1/10/2022,0:40:00,1784,746,1899,750,1583,756,11901,1507
112236,1/10/2022,0:50:00,1784,746,1901,750,1583,756,11891,1507
112237,1/10/2022,1:10:00,1784,746,1901,750,1586,753,11914,1506
112238,1/10/2022,1:20:07,1784,746,1901,750,1587,754,11888,1508
112239,1/10/2022,1:40:00,1784,746,1901,750,1587,752,11902,1508
112240,1/10/2022,1:50:06,1785,746,1901,748,1588,755,11915,1508
112241,1/10/2022,2:10:01,1785,746,1900,751,1588,756,11927,1508
112242,1/10/2022,2:20:00,1784,746,1899,750,1591,755,11932,1508
112243,1/10/2022,2:40:05,1787,746,1900,750,1591,754,11928,1509
112244,1/10/2022,2:50:09,1785,746,1901,748,1591,752,11919,1509
112245,1/10/2022,3:10:01,1784,746,1901,748,1592,753,11930,1511
112246,1/10/2022,3:20:00,1784,746,1901,751,1592,753,11898,1509
112247,1/10/2022,3:40:00,1784,746,1899,749,1592,753,11929,1512
112248,1/10/2022,3:50:08,1784,746,1900,747,1593,754,11920,1513
112249,1/10/2022,4:20:00,1785,746,1901,748,1595,752,11893,1513
112250,1/10/2022,4:50:00,1787,746,1900,751,1596,756,11937,1513
112251,1/10/2022,5:10:01,1784,746,1900,750,1596,753,11915,1513
112252,1/10/2022,5:20:09,1784,746,1900,748,1596,754,11903,1513
112253,1/10/2022,5:50:01,1786,746,1898,749,1599,755,11890,1516
112254,1/10/2022,6:10:01,1788,746,1900,751,1598,756,11900,1515
112255,1/10/2022,6:20:00,1786,746,1901,748,1600,754,11913,1515
112256,1/10/2022,6:40:03,1784,746,1898,747,1599,753,11913,1517
112257,1/10/2022,6:50:01,1784,744,1899,749,1601,752,11936,1518
112258,1/10/2022,7:10:02,1786,746,1899,748,1601,756,11894,1518
112259,1/10/2022,7:20:09,1788,746,1897,747,1601,755,11901,1518
112260,1/10/2022,7:40:00,1785,744,1901,749,1597,752,11891,1514
112261,1/10/2022,8:20:00,1785,745,1901,748,1588,752,11915,1504
112262,1/10/2022,8:40:00,1788,746,1899,747,1583,750,11901,1499
112263,1/10/2022,8:50:00,1787,746,1897,747,1578,755,11900,1499
112264,1/10/2022,9:10:01,1788,743,1900,747,1573,752,11897,1491
112265,1/10/2022,9:20:01,1787,746,1899,747,1568,754,11940,1489
112266,1/10/2022,9:30:18,0,0,0,0,0,0,0,0
112267,1/10/2022,9:40:01,1788,743,1898,747,1563,756,11934,1484
112268,1/10/2022,9:50:01,1788,742,1901,747,1562,755,11938,1484
112269,1/10/2022,10:10:00,1788,745,1901,747,1559,752,11927,1484
112270,1/10/2022,10:20:01,1788,744,1901,747,1561,753,11928,1480
112271,1/10/2022,10:30:27,0,0,0,0,0,0,0,0
112272,1/10/2022,10:40:00,1788,746,1901,747,1558,753,11900,1479
112273,1/10/2022,10:50:01,1788,744,1901,747,1558,752,11928,1479
112274,1/10/2022,11:10:00,1789,743,1901,747,1554,752,11939,1478
112275,1/10/2022,11:20:00,1789,744,1901,747,1553,755,11914,1477
112276,1/10/2022,11:40:00,1790,744,1901,747,1554,752,11942,1478
112277,1/10/2022,11:50:01,1793,742,1901,747,1553,752,11955,1478
112278,1/10/2022,12:00:27,0,0,0,0,0,0,0,0
112279,1/10/2022,12:10:01,1793,742,1903,747,1552,750,11943,1478
112280,1/10/2022,12:20:02,1793,744,1902,747,1552,753,11993,1478
112281,1/10/2022,12:30:18,0,0,0,0,0,0,0,0
112282,1/10/2022,12:40:00,1793,742,1905,747,1552,752,11972,1476
112283,1/10/2022,12:50:00,1793,742,1905,747,1555,752,11949,1478
112284,1/10/2022,13:00:28,0,0,0,0,0,0,0,0
112285,1/10/2022,13:10:04,1794,742,1904,747,1553,752,11942,1476
112286,1/10/2022,13:20:00,1796,742,1906,747,1550,752,11942,1475
112287,1/10/2022,13:30:29,0,0,0,0,0,0,0,0
112288,1/10/2022,13:40:01,1796,742,1906,747,1548,752,11942,1475
112289,1/10/2022,13:50:00,1797,742,1904,747,1552,752,11942,1469
112290,1/10/2022,14:00:12,0,0,0,0,0,0,0,0
112291,1/10/2022,14:10:00,1796,742,1906,747,1561,753,11942,1469
112292,1/10/2022,14:20:01,1798,742,1906,747,1562,752,11942,1465
112293,1/10/2022,14:30:25,0,0,0,0,0,0,0,0
112294,1/10/2022,14:40:05,1796,742,1906,747,1563,749,11942,1458
112295,1/10/2022,14:50:02,1796,742,1906,747,1562,752,11942,1458
112296,1/10/2022,15:00:00,1798,742,1906,747,1558,752,11942,1463
112297,1/10/2022,15:10:00,1797,742,1906,747,1558,754,11949,1471
112298,1/10/2022,15:20:01,1798,742,1906,747,1558,752,11959,1474
112299,1/10/2022,15:30:00,1798,742,1907,747,1558,752,11985,1475
112300,1/10/2022,15:40:00,1798,742,1907,747,1558,752,11962,1475
112301,1/10/2022,15:50:00,1798,742,1910,747,1554,753,11957,1478
112302,1/10/2022,16:00:28,0,0,0,0,0,0,0,0
112303,1/10/2022,16:10:05,1798,742,1908,747,1553,750,11970,1478
112304,1/10/2022,16:20:00,1798,742,1909,747,1557,754,11949,1481
112305,1/10/2022,16:30:27,0,0,0,0,0,0,0,0
112306,1/10/2022,16:40:04,1798,742,1910,747,1558,754,11943,1483
112307,1/10/2022,16:50:00,1798,742,1911,747,1562,754,11942,1488
112308,1/10/2022,17:00:19,0,0,0,0,0,0,0,0
112309,1/10/2022,17:10:06,1798,742,1908,747,1562,753,11938,1492
112310,1/10/2022,17:20:00,1798,742,1911,747,1563,751,11941,0
112311,1/10/2022,17:30:11,0,0,0,0,0,0,0,0
112312,1/10/2022,17:40:03,1798,742,1911,747,1563,753,11940,1496
112313,1/10/2022,17:50:01,1798,742,1911,747,1566,752,11934,1498
112314,1/10/2022,18:00:25,0,0,0,0,0,0,0,0
112315,1/10/2022,18:10:07,1798,742,1910,747,1568,751,11934,1500
112316,1/10/2022,18:20:01,1798,742,1910,747,1568,751,11898,1503
112317,1/10/2022,18:50:00,1799,743,1910,747,1572,752,11904,1508
112318,1/10/2022,19:00:30,0,0,0,0,0,0,0,0
112319,1/10/2022,19:10:00,1803,743,1911,747,1577,753,11902,1509
112320,1/10/2022,19:20:01,1801,742,1911,747,1575,752,11909,1509
112321,1/10/2022,19:30:27,0,0,0,0,0,0,0,0
112322,1/10/2022,19:40:10,1800,742,1911,747,1573,752,11902,1511
112323,1/10/2022,19:50:01,1799,742,1911,747,1574,752,11931,1513
112324,1/10/2022,20:00:28,0,0,0,0,0,0,0,0
112325,1/10/2022,20:10:03,1803,746,1911,747,1577,752,11924,1513
112326,1/10/2022,20:30:27,0,0,0,0,0,0,0,0
112327,1/10/2022,20:50:00,1802,744,1911,747,1577,752,11936,1513
112328,1/10/2022,21:00:26,0,0,0,0,0,0,0,0
112329,1/10/2022,21:10:04,1803,745,1911,747,1578,749,11916,1513
112330,1/10/2022,21:20:03,1803,744,1911,747,1579,751,11893,1513
112331,1/10/2022,21:40:01,1803,746,1911,747,1581,752,11919,1514
112332,1/10/2022,21:50:00,1803,746,1911,747,1581,751,11924,1518
112333,1/10/2022,22:00:19,0,0,0,0,0,0,0,0
112334,1/10/2022,22:10:00,1803,743,1911,747,1582,755,11938,1518
112335,1/10/2022,22:20:00,1803,742,1911,747,1582,753,11906,1517
112336,1/10/2022,22:30:17,0,0,0,0,0,0,0,0
112337,1/10/2022,22:50:00,1803,746,1911,747,1582,751,11914,1518
112338,1/10/2022,23:00:27,0,0,0,0,0,0,0,0
112339,1/10/2022,23:10:06,1804,746,1911,747,1582,754,11933,1518
112340,1/10/2022,23:20:01,1804,746,1911,747,1582,756,11902,1518
112341,1/10/2022,23:30:20,0,0,0,0,0,0,0,0
112342,1/10/2022,23:40:00,1804,746,1911,747,1582,752,11911,1518
112343,1/10/2022,23:50:00,1804,746,1911,747,1582,755,11888,1518
112344,1/11/2022,0:00:20,1806,746,1911,747,1583,754,11936,1518
112345,1/11/2022,0:10:03,1807,746,1911,747,1584,753,11923,1518
112346,1/11/2022,0:20:06,1806,746,1911,747,1583,756,11914,1518
112347,1/11/2022,0:30:19,0,0,0,0,0,0,0,0
112348,1/11/2022,0:40:00,1804,746,1911,747,1587,752,11900,1518
112349,1/11/2022,0:50:00,1808,746,1911,747,1587,752,11926,1518
112350,1/11/2022,1:00:20,0,0,0,0,0,0,0,0
112351,1/11/2022,1:10:00,1808,744,1911,747,1588,755,11896,1519
112352,1/11/2022,1:20:00,1806,746,1911,747,1588,752,11940,1522
112353,1/11/2022,1:30:21,0,0,0,0,0,0,0,0
112354,1/11/2022,1:40:00,1807,746,1911,748,1591,754,11912,1523
112355,1/11/2022,1:50:00,1805,746,1911,747,1588,755,11938,1522
112356,1/11/2022,2:00:16,0,0,0,0,0,0,0,0
112357,1/11/2022,2:10:00,1808,746,1911,749,1592,752,11913,1523
112358,1/11/2022,2:20:04,1808,746,1911,747,1592,753,11904,1521
112359,1/11/2022,2:40:04,1808,746,1911,747,1592,752,11926,1523
112360,1/11/2022,2:50:00,1808,746,1911,749,1592,755,11924,1523
112361,1/11/2022,3:00:27,0,0,0,0,0,0,0,0
112362,1/11/2022,3:10:01,1808,746,1911,747,1592,753,11915,1523
112363,1/11/2022,3:20:06,1807,746,1911,747,1592,752,11906,1523
112364,1/11/2022,3:30:21,0,0,0,0,0,0,0,0
112365,1/11/2022,3:40:07,1808,746,1911,747,1593,752,11891,1524
112366,1/11/2022,3:50:01,1808,745,1911,747,1593,752,11920,1524
112367,1/11/2022,4:00:27,0,0,0,0,0,0,0,0
112368,1/11/2022,4:10:01,1808,745,1911,749,1595,754,11891,1524
112369,1/11/2022,4:20:03,1808,746,1911,747,1594,752,11922,1524
112370,1/11/2022,4:30:23,0,0,0,0,0,0,0,0
112371,1/11/2022,4:40:00,1808,746,1910,747,1594,752,11898,1526
112372,1/11/2022,4:50:00,1808,746,1907,747,1596,754,11890,1524
112373,1/11/2022,5:10:00,1808,746,1910,747,1596,753,11917,1524
112374,1/11/2022,5:20:01,1808,746,1910,747,1593,750,11937,1524
112375,1/11/2022,5:30:18,0,0,0,0,0,0,0,0
112376,1/11/2022,5:40:04,1808,746,1908,747,1596,753,11918,1526
112377,1/11/2022,5:50:01,1808,746,1907,747,1596,753,11902,1525
112378,1/11/2022,6:00:25,0,0,0,0,0,0,0,0
112379,1/11/2022,6:10:00,1808,743,1907,747,1596,753,11933,1525
112380,1/11/2022,6:20:00,1808,746,1907,747,1596,755,11932,1524
112381,1/11/2022,6:30:21,0,0,0,0,0,0,0,0
112382,1/11/2022,6:40:05,1808,746,1907,747,1597,752,11915,1524
112383,1/11/2022,6:50:04,1808,744,1907,747,1599,752,11898,1526
112384,1/11/2022,7:00:19,0,0,0,0,0,0,0,0
112385,1/11/2022,7:10:00,1808,745,1907,747,1597,754,11906,1524
112386,1/11/2022,7:20:00,1808,746,1907,747,1597,755,11905,1524
112387,1/11/2022,7:30:27,0,0,0,0,0,0,0,0
112388,1/11/2022,7:40:00,1808,745,1907,747,1594,754,11907,1523
112389,1/11/2022,7:50:00,1808,746,1907,747,1596,752,11902,1522
112390,1/11/2022,8:00:27,0,0,0,0,0,0,0,0
112391,1/11/2022,8:10:01,1811,743,1907,747,1590,752,11937,1519
112392,1/11/2022,8:20:00,1809,746,1907,747,1588,752,11918,1517
112393,1/11/2022,8:30:19,0,0,0,0,0,0,0,0
112394,1/11/2022,8:40:00,1810,746,1907,747,1583,752,11919,1512
112395,1/11/2022,8:50:04,1811,742,1907,747,1578,752,11940,1506
112396,1/11/2022,9:00:25,0,0,0,0,0,0,0,0
112397,1/11/2022,9:10:10,1811,744,1908,747,1568,752,11939,1499
112398,1/11/2022,9:20:01,1812,745,1911,747,1568,753,11914,1499
112399,1/11/2022,9:30:27,0,0,0,0,0,0,0,0
112400,1/11/2022,9:40:01,1813,744,1907,747,1558,753,11913,1492
112401,1/11/2022,9:50:00,1813,745,1909,747,1557,752,11938,1493
112402,1/11/2022,10:00:25,0,0,0,0,0,0,0,0
112403,1/11/2022,10:10:03,1813,743,1911,747,1557,753,11938,1492
112404,1/11/2022,10:20:00,1813,745,1911,747,1557,754,11927,1493
112405,1/11/2022,10:30:27,0,0,0,0,0,0,0,0
112406,1/11/2022,10:40:00,1813,743,1911,747,1556,751,11929,1489
112407,1/11/2022,10:50:01,1813,742,1911,747,1553,752,11935,1489
112408,1/11/2022,11:00:28,0,0,0,0,0,0,0,0
112409,1/11/2022,11:10:00,1813,744,1911,747,1553,752,11934,1488
112410,1/11/2022,11:20:00,1813,745,1911,747,1551,754,11941,0
112411,1/11/2022,11:30:26,0,0,0,0,0,0,0,0
112412,1/11/2022,11:40:00,1818,746,1911,747,1552,749,11942,1488
112413,1/11/2022,11:50:00,1818,743,1912,747,1553,752,11948,1488
112414,1/11/2022,12:00:26,0,0,0,0,0,0,0,0
112415,1/11/2022,12:10:00,1818,742,1915,747,1552,754,11983,1484
112416,1/11/2022,12:20:00,1818,745,1916,747,1548,754,11987,1484
112417,1/11/2022,12:30:28,0,0,0,0,0,0,0,0
112418,1/11/2022,12:40:03,1818,744,1916,747,1553,752,11946,1483
112419,1/11/2022,12:50:00,1818,744,1916,747,1552,752,11959,1483
112420,1/11/2022,13:00:27,0,0,0,0,0,0,0,0
112421,1/11/2022,13:10:00,1818,743,1916,747,1552,752,11942,1479
112422,1/11/2022,13:20:00,1818,744,1916,747,1559,752,11969,1483
112423,1/11/2022,13:30:22,0,0,0,0,0,0,0,0
112424,1/11/2022,13:40:06,1822,744,1919,747,1555,755,11942,1479
112425,1/11/2022,13:50:00,1821,745,1918,747,1548,752,11942,1474
112426,1/11/2022,14:00:27,0,0,0,0,0,0,0,0
112427,1/11/2022,14:10:07,1819,742,1921,747,1557,753,11944,1475
112428,1/11/2022,14:20:00,1820,742,1921,747,1557,751,11949,1475
112429,1/11/2022,14:30:22,0,0,0,0,0,0,0,0
112430,1/11/2022,14:40:07,1823,745,1921,747,1558,751,11942,1465
112431,1/11/2022,14:50:00,1823,742,1921,747,1559,752,11942,1467
112432,1/11/2022,15:00:19,0,0,0,0,0,0,0,0
112433,1/11/2022,15:10:06,1823,744,1922,747,1558,751,11945,1477
112434,1/11/2022,15:20:00,1823,743,1924,747,1558,752,11942,1478
112435,1/11/2022,15:30:27,0,0,0,0,0,0,0,0
112436,1/11/2022,15:40:01,1824,742,1926,747,1558,754,11953,1483
112437,1/11/2022,15:50:01,1825,742,1926,747,1558,752,11991,1483
112438,1/11/2022,16:00:33,0,0,0,0,0,0,0,0
112439,1/11/2022,16:10:08,1824,744,1926,747,1567,752,11971,1498
112440,1/11/2022,16:20:00,1825,742,1926,747,1562,753,11955,1497
112441,1/11/2022,16:30:28,0,0,0,0,0,0,0,0
112442,1/11/2022,16:40:01,1824,742,1926,747,1559,754,11942,1493
112443,1/11/2022,16:50:02,1825,742,1930,747,1561,756,11942,1493
112444,1/11/2022,17:10:00,1828,743,1928,747,1562,754,11928,1493
112445,1/11/2022,17:20:05,1825,746,1927,747,1566,752,11940,1495
112446,1/11/2022,17:30:26,0,0,0,0,0,0,0,0
112447,1/11/2022,17:40:04,1828,742,1931,747,1564,752,11940,1498
112448,1/11/2022,17:50:01,1828,743,1931,747,1567,752,11928,1502
112449,1/11/2022,18:00:18,0,0,0,0,0,0,0,0
112450,1/11/2022,18:10:09,1828,746,1931,747,1570,754,11898,1503
112451,1/11/2022,18:10:15,0,0,0,0,0,0,0,0
112452,1/11/2022,18:20:01,1828,743,1931,747,1568,752,11934,1508
112453,1/11/2022,18:30:27,0,0,0,0,0,0,0,0
112454,1/11/2022,18:40:01,1828,746,1931,747,1572,753,11940,1512
112455,1/11/2022,18:50:01,1832,743,1931,747,1577,753,11936,1513
112456,1/11/2022,19:00:19,1829,746,1931,747,1575,752,11913,1513
112457,1/11/2022,19:10:01,1829,746,1931,747,1575,752,11928,1513
112458,1/11/2022,19:20:00,1829,746,1931,747,1575,754,11915,1513
112459,1/11/2022,19:30:28,0,0,0,0,0,0,0,0
112460,1/11/2022,19:40:01,1829,746,1931,747,1576,752,11936,1515
112461,1/11/2022,19:50:00,1833,746,1931,747,1576,752,11939,1518
112462,1/11/2022,20:10:00,1829,746,1931,747,1577,755,11934,1518
112463,1/11/2022,20:20:00,1829,746,1932,747,1577,752,11905,1518
112464,1/11/2022,20:40:00,1833,746,1932,747,1577,752,11929,1518
112465,1/11/2022,20:50:03,1833,746,1932,747,1577,753,11906,1518
112466,1/11/2022,21:00:26,0,0,0,0,0,0,0,0
112467,1/11/2022,21:10:01,1833,746,1932,747,1577,755,11914,1519
112468,1/11/2022,21:20:00,1833,746,1933,747,1580,756,11905,1522
112469,1/11/2022,21:40:03,1833,746,1932,747,1582,755,11930,1523
112470,1/11/2022,21:50:01,1832,746,1935,747,1582,753,11938,1523
112471,1/11/2022,22:00:25,0,0,0,0,0,0,0,0
112472,1/11/2022,22:10:00,1833,746,1935,747,1582,752,11940,1523
112473,1/11/2022,22:20:00,1833,746,1934,747,1582,753,11893,1523
112474,1/11/2022,22:30:27,0,0,0,0,0,0,0,0
112475,1/11/2022,22:40:00,1833,746,1934,747,1582,752,11903,1523
112476,1/11/2022,22:50:00,1833,746,1933,747,1585,753,11938,1523
112477,1/11/2022,23:00:27,0,0,0,0,0,0,0,0
112478,1/11/2022,23:20:00,1834,746,1934,747,1585,752,11937,1523
112479,1/11/2022,23:30:27,0,0,0,0,0,0,0,0
112480,1/11/2022,23:40:00,1835,746,1936,751,1583,756,11905,1523
112481,1/11/2022,23:50:04,1834,746,1936,749,1585,754,11916,1523
112482,1/12/2022,0:00:25,0,0,0,0,0,0,0,0
112483,1/12/2022,0:10:00,1835,746,1934,747,1587,753,11922,1523
112484,1/12/2022,0:20:00,1837,746,1936,749,1585,752,11925,1523
112485,1/12/2022,0:30:25,0,0,0,0,0,0,0,0
112486,1/12/2022,0:40:04,1836,746,1934,747,1585,755,11912,1523
112487,1/12/2022,0:50:02,1836,746,1936,749,1586,755,11921,1523
112488,1/12/2022,1:00:20,0,0,0,0,0,0,0,0
112489,1/12/2022,1:10:01,1837,746,1936,751,1587,752,11906,1523
112490,1/12/2022,1:20:02,1836,746,1935,750,1587,755,11909,1521
112491,1/12/2022,1:30:27,0,0,0,0,0,0,0,0
112492,1/12/2022,1:40:05,1837,746,1936,747,1587,754,11939,1523
112493,1/12/2022,1:50:04,1837,746,1936,748,1587,755,11895,1523
112494,1/12/2022,2:00:26,0,0,0,0,0,0,0,0
112495,1/12/2022,4:40:01,1839,746,1936,747,1595,754,11902,1523
112496,1/12/2022,5:00:27,0,0,0,0,0,0,0,0
112497,1/12/2022,10:20:01,1762,742,1935,747,1558,756,11938,1488
112498,1/12/2022,12:50:01,1736,742,1932,747,1557,748,11942,1484
112499,1/12/2022,15:10:01,1744,742,1935,747,1565,752,11956,1483
112500,1/12/2022,15:20:00,1744,742,1936,747,1565,753,11943,0
112501,1/12/2022,15:40:00,1744,742,1935,747,1567,754,11971,1492
112502,1/12/2022,15:50:00,1744,743,1936,747,1567,753,11959,1493
112503,1/12/2022,16:10:00,1744,742,1933,747,1565,752,11942,1494
112504,1/12/2022,16:20:01,1745,742,1936,747,1566,756,11945,1494
112505,1/12/2022,16:40:01,1745,742,1932,747,1567,754,11942,1498
112506,1/12/2022,16:50:00,1744,742,1936,747,1567,755,11942,1498
112507,1/12/2022,17:10:00,1744,744,1936,747,1567,754,11940,1503
112508,1/12/2022,17:20:07,1744,742,1933,747,1567,751,11941,0
112509,1/12/2022,17:50:04,1748,744,1932,747,1568,752,11900,1508
112510,1/12/2022,18:10:01,1743,743,1932,747,1569,752,11914,1512
112511,1/12/2022,18:20:01,1744,742,1932,747,1569,752,11935,1513
112512,1/12/2022,18:40:00,1744,743,1932,747,1570,752,11924,1517
112513,1/12/2022,18:50:08,1744,743,1932,747,1572,753,11914,1518
112514,1/12/2022,19:10:01,1744,746,1932,747,1567,753,11920,1519
112515,1/12/2022,19:20:00,1745,746,1931,747,1572,752,11937,1519
112516,1/12/2022,19:40:03,1745,746,1931,747,1572,753,11932,1519
112517,1/12/2022,19:50:08,1745,744,1931,747,1572,752,11905,1519
112518,1/12/2022,20:10:01,1745,742,1931,747,1573,752,11896,1519
112519,1/12/2022,20:20:00,1745,745,1929,747,1573,756,11937,1520
112520,1/12/2022,20:40:04,1745,746,1930,747,1573,756,11893,1521
112521,1/12/2022,20:50:00,1745,746,1928,747,1573,754,11918,1523
112522,1/12/2022,21:10:02,1745,746,1928,747,1574,753,11924,1523
112523,1/12/2022,21:20:00,1746,746,1927,747,1573,753,11889,1523
112524,1/12/2022,21:40:00,1748,746,1927,747,1573,755,11930,1523
112525,1/12/2022,21:50:00,1747,746,1927,747,1576,754,11916,1523
112526,1/12/2022,22:10:01,1746,746,1927,750,1573,755,11921,1523
112527,1/12/2022,22:20:00,1745,746,1927,747,1576,756,11925,1524
112528,1/12/2022,22:40:05,1749,746,1927,747,1569,752,11917,1527
112529,1/12/2022,22:50:09,1748,746,1927,749,1570,753,11938,1528
112530,1/12/2022,23:10:00,1745,746,1927,748,1568,752,11898,1527
112531,1/12/2022,23:20:08,1748,746,1927,750,1571,756,11901,1528
112532,1/12/2022,23:40:00,1749,746,1927,750,1572,756,11918,1527
112533,1/12/2022,23:50:09,1749,746,1927,751,1572,754,11914,1528
112534,1/13/2022,0:10:00,1749,746,1927,747,1573,756,11929,1528
112535,1/13/2022,0:20:09,1749,746,1927,750,1573,754,11917,1527
112536,1/13/2022,0:40:00,1749,746,1924,751,1576,755,11922,1528
112537,1/13/2022,0:50:00,1749,746,1926,751,1577,754,11913,1524
112538,1/13/2022,1:10:00,1750,746,1926,747,1577,752,11890,1526
112539,1/13/2022,1:20:00,1750,746,1924,747,1577,753,11920,1524
112540,1/13/2022,1:40:08,1753,746,1926,749,1577,756,11922,1524
112541,1/13/2022,1:50:01,1752,746,1924,747,1577,756,11902,1525
112542,1/13/2022,2:10:03,1750,746,1926,747,1578,755,11890,1527
112543,1/13/2022,2:20:08,1751,746,1925,751,1580,754,11916,1526
112544,1/13/2022,2:40:10,1750,746,1926,749,1580,754,11887,1524
112545,1/13/2022,2:50:01,1751,746,1923,750,1582,756,11921,1524
112546,1/13/2022,3:10:00,1753,746,1923,751,1582,756,11899,1527
112547,1/13/2022,3:40:00,1751,746,1922,750,1583,755,11939,1528
112548,1/13/2022,3:50:00,1754,746,1922,749,1587,756,11912,1528
112549,1/13/2022,4:10:00,1754,746,1922,751,1587,755,11903,1528
112550,1/13/2022,4:20:00,1752,746,1922,751,1587,756,11894,1528
112551,1/13/2022,4:40:00,1753,746,1922,751,1587,756,11931,1528
112552,1/13/2022,4:50:02,1754,746,1922,751,1587,752,11902,1525
112553,1/13/2022,5:10:00,1754,746,1922,748,1587,756,11892,1525
112554,1/13/2022,5:20:00,1754,746,1922,747,1588,754,11888,1528
112555,1/13/2022,5:50:01,1754,746,1922,748,1591,753,11916,1528
112556,1/13/2022,6:10:01,1754,746,1922,750,1591,755,11904,1528
112557,1/13/2022,6:20:09,1755,746,1922,749,1592,756,11928,1528
112558,1/13/2022,6:40:01,1755,746,1922,750,1592,756,11899,1526
112559,1/13/2022,6:50:00,1755,746,1922,751,1592,756,11940,1527
112560,1/13/2022,7:10:03,1755,746,1921,751,1592,756,11937,1524
112561,1/13/2022,7:20:00,1755,746,1921,751,1590,756,11901,1526
112562,1/13/2022,7:40:03,1755,746,1920,749,1590,753,11920,1524
112563,1/13/2022,7:50:00,1758,746,1921,749,1589,752,11895,1524
112564,1/13/2022,8:10:04,1759,746,1921,748,1588,756,11895,1519
112565,1/13/2022,8:20:00,1758,746,1921,747,1583,755,11905,1518
112566,1/13/2022,8:40:02,1759,746,1921,748,1578,755,11921,1509
112567,1/13/2022,8:50:09,1759,746,1921,750,1573,755,11901,1508
112568,1/13/2022,9:10:03,1759,746,1921,747,1567,755,11920,1502
112569,1/13/2022,9:20:09,1759,746,1921,747,1563,754,11913,1499
112570,1/13/2022,9:50:00,1760,746,1921,750,1553,753,11917,1494
112571,1/13/2022,10:10:00,1760,746,1921,751,1555,755,11934,1494
112572,1/13/2022,10:40:03,1762,746,1921,748,1554,756,11940,1492
112573,1/13/2022,10:50:25,1761,744,1921,748,1553,754,11933,1491
112574,1/13/2022,11:10:02,1764,744,1921,749,1556,755,11940,1489
112575,1/13/2022,11:20:01,1764,746,1921,747,1555,756,11927,1489
112576,1/13/2022,11:30:27,0,0,0,0,0,0,0,0
112577,1/13/2022,11:40:00,1764,746,1922,747,1553,755,11941,0
112578,1/13/2022,11:50:00,1764,742,1922,747,1553,756,11969,1488
112579,1/13/2022,12:00:27,0,0,0,0,0,0,0,0
112580,1/13/2022,12:10:08,1764,746,1924,747,1553,752,11977,1484
112581,1/13/2022,12:20:00,1764,743,1922,747,1553,755,11966,1484
112582,1/13/2022,12:30:20,1764,743,1922,748,1556,756,11978,0
112583,1/13/2022,12:40:02,1764,746,1925,747,1557,756,11956,1485
112584,1/13/2022,12:50:00,1764,746,1922,747,1558,753,11942,1488
112585,1/13/2022,13:00:46,0,0,0,0,0,0,0,0
112586,1/13/2022,13:10:02,0,0,0,0,0,0,0,0
112587,1/13/2022,13:20:09,1769,744,1926,747,1557,754,11942,1488
112588,1/13/2022,13:40:02,1769,743,1926,747,1562,753,11942,1489
112589,1/13/2022,13:50:00,1769,744,1926,747,1553,754,11942,1482
112590,1/13/2022,14:10:02,1769,745,1926,747,1557,752,11942,1483
112591,1/13/2022,14:20:01,1769,742,1926,747,1567,755,11942,0
112592,1/13/2022,14:40:01,1772,745,1930,747,1568,756,11942,1479
112593,1/13/2022,14:50:00,1770,745,1927,747,1567,752,11942,1483
112594,1/13/2022,15:10:00,1770,743,1927,747,1567,752,11942,1493
112595,1/13/2022,15:20:01,1770,745,1927,747,1565,753,11942,1498
112596,1/13/2022,15:40:00,1770,744,1927,747,1570,755,11935,1501
112597,1/13/2022,15:50:01,1770,746,1929,747,1569,756,11940,1503
112598,1/13/2022,16:10:02,1770,743,1927,747,1563,754,11950,1498
112599,1/13/2022,16:20:08,1770,746,1930,747,1565,752,11970,1498
112600,1/13/2022,16:40:01,1770,745,1929,747,1566,755,11942,1499
112601,1/13/2022,16:50:00,1770,742,1931,747,1566,755,11942,1503
112602,1/13/2022,17:10:00,1770,746,1927,747,1567,754,11934,1504
112603,1/13/2022,17:20:10,1770,745,1928,747,1565,755,11924,1504
112604,1/13/2022,17:40:04,1774,746,1931,747,1571,752,11935,1512
112605,1/13/2022,17:50:01,1770,745,1931,747,1569,753,11928,1511
112606,1/13/2022,18:10:01,1772,746,1927,747,1572,753,11928,1516
112607,1/13/2022,18:20:07,1770,744,1930,747,1572,755,11912,1518
112608,1/13/2022,18:40:03,1771,746,1927,747,1573,754,11912,1523
112609,1/13/2022,18:50:00,1770,744,1929,747,1573,755,11939,1523
112610,1/13/2022,19:10:00,1772,744,1928,747,1573,752,11914,1523
112611,1/13/2022,19:20:00,1771,746,1930,747,1573,754,11939,1523
112612,1/13/2022,19:40:05,1773,744,1930,749,1576,756,11890,1523
112613,1/13/2022,19:50:00,1773,746,1931,747,1573,754,11923,1523
112614,1/13/2022,20:10:04,1772,745,1930,749,1575,753,11913,1528
112615,1/13/2022,20:20:00,1774,746,1930,747,1576,754,11928,1528
112616,1/13/2022,20:40:01,1773,746,1929,747,1576,752,11933,1530
112617,1/13/2022,20:50:09,1772,746,1928,747,1577,755,11927,1533
112618,1/13/2022,21:10:05,1774,746,1930,751,1577,755,11907,1533
112619,1/13/2022,21:40:02,1774,746,1927,747,1577,756,11889,1536
112620,1/13/2022,21:50:00,1774,746,1928,749,1577,752,11900,1535
112621,1/13/2022,22:10:04,1774,746,1927,747,1579,755,11939,1537
112622,1/13/2022,22:20:00,1774,746,1928,750,1581,755,11906,1535
112623,1/13/2022,22:40:07,1774,746,1927,747,1582,756,11901,1535
112624,1/13/2022,22:50:01,1774,746,1930,748,1582,756,11893,1537
112625,1/13/2022,23:10:04,1774,746,1927,747,1582,755,11900,1535
112626,1/13/2022,23:20:00,1774,746,1927,749,1582,753,11899,1537
112627,1/13/2022,23:40:03,1774,746,1927,751,1583,753,11905,1537
112628,1/13/2022,23:50:00,1774,746,1927,749,1585,752,11916,1537
112629,1/14/2022,0:10:00,1774,746,1927,748,1587,752,11905,1537
112630,1/14/2022,0:20:03,1774,746,1927,751,1586,752,11922,1537
112631,1/14/2022,0:40:00,1774,746,1927,748,1586,756,11915,1537
112632,1/14/2022,0:50:04,1774,746,1927,750,1585,755,11933,1537
112633,1/14/2022,1:10:02,1774,746,1927,749,1587,754,11909,1537
112634,1/14/2022,1:20:00,1774,746,1927,751,1587,754,11902,1537
112635,1/14/2022,1:30:25,0,0,0,0,0,0,0,0
112636,1/14/2022,1:40:00,1775,746,1927,751,1587,752,11897,1537
112637,1/14/2022,1:50:00,1775,746,1927,751,1588,754,11911,1537
112638,1/14/2022,2:00:28,0,0,0,0,0,0,0,0
112639,1/14/2022,2:10:00,1775,746,1927,750,1591,756,11889,1537
112640,1/14/2022,2:20:00,1775,746,1927,748,1589,754,11918,1537
112641,1/14/2022,2:30:27,0,0,0,0,0,0,0,0
112642,1/14/2022,2:50:00,1778,746,1927,749,1589,754,11900,1538
112643,1/14/2022,3:00:28,0,0,0,0,0,0,0,0
112644,1/14/2022,3:10:02,1775,746,1927,750,1592,754,11925,1540
112645,1/14/2022,3:20:00,1777,746,1927,748,1592,756,11890,1542
112646,1/14/2022,3:30:27,0,0,0,0,0,0,0,0
112647,1/14/2022,3:40:02,1777,746,1927,748,1592,753,11912,1538
112648,1/14/2022,3:50:00,1778,746,1927,750,1592,756,11887,1538
112649,1/14/2022,4:00:28,0,0,0,0,0,0,0,0
112650,1/14/2022,4:10:02,1776,746,1927,750,1594,756,11920,1540
112651,1/14/2022,4:20:02,1777,746,1927,750,1596,752,11887,1541
112652,1/14/2022,4:30:28,0,0,0,0,0,0,0,0
112653,1/14/2022,4:40:05,1778,746,1927,751,1594,752,11905,1542
112654,1/14/2022,4:50:00,1778,746,1927,751,1596,754,11903,1541
112655,1/14/2022,5:00:26,0,0,0,0,0,0,0,0
112656,1/14/2022,5:10:00,1777,746,1927,750,1596,754,11910,1540
112657,1/14/2022,5:20:00,1778,745,1927,749,1596,756,11894,1538
112658,1/14/2022,5:30:25,0,0,0,0,0,0,0,0
112659,1/14/2022,5:40:01,1775,746,1927,748,1596,753,11902,1538
112660,1/14/2022,5:50:00,1778,744,1927,747,1600,755,11931,1538
112661,1/14/2022,6:10:02,1778,746,1927,747,1600,754,11887,1542
112662,1/14/2022,6:20:01,1778,745,1927,747,1598,753,11929,1538
112663,1/14/2022,6:30:26,0,0,0,0,0,0,0,0
112664,1/14/2022,6:40:04,1778,746,1927,749,1601,752,11894,1539
112665,1/14/2022,6:50:00,1778,746,1927,749,1601,756,11936,1538
112666,1/14/2022,7:00:26,0,0,0,0,0,0,0,0
112667,1/14/2022,7:10:03,1778,746,1927,747,1601,753,11909,1538
112668,1/14/2022,7:20:00,1778,745,1927,750,1601,756,11931,1538
112669,1/14/2022,7:30:27,0,0,0,0,0,0,0,0
112670,1/14/2022,7:40:05,1778,744,1927,747,1601,752,11924,1537
112671,1/14/2022,7:50:01,1778,746,1927,749,1597,754,11933,1536
112672,1/14/2022,8:00:25,0,0,0,0,0,0,0,0
112673,1/14/2022,8:10:00,1778,744,1927,747,1593,755,11916,1534
112674,1/14/2022,8:20:01,1778,745,1927,747,1589,753,11917,1529
112675,1/14/2022,8:30:27,0,0,0,0,0,0,0,0
112676,1/14/2022,8:40:01,1778,746,1927,747,1584,754,11914,1524
112677,1/14/2022,8:50:04,1778,743,1927,747,1583,754,11926,1522
112678,1/14/2022,9:00:27,0,0,0,0,0,0,0,0
112679,1/14/2022,9:10:00,1783,744,1927,747,1573,752,11914,1515
112680,1/14/2022,9:20:00,1783,746,1927,747,1571,752,11922,1514
112681,1/14/2022,9:30:29,0,0,0,0,0,0,0,0
112682,1/14/2022,9:40:00,1783,746,1927,747,1563,755,11934,1505
112683,1/14/2022,9:50:04,1780,744,1927,747,1563,754,11900,1507
112684,1/14/2022,10:00:29,0,0,0,0,0,0,0,0
112685,1/14/2022,10:10:00,1783,743,1927,747,1566,754,11899,1507
112686,1/14/2022,10:20:00,1783,742,1927,747,1563,752,11938,1506
112687,1/14/2022,10:30:25,0,0,0,0,0,0,0,0
112688,1/14/2022,10:40:00,1783,744,1929,747,1563,753,11935,1507
112689,1/14/2022,10:50:05,1783,742,1930,747,1563,752,11934,1505
112690,1/14/2022,11:10:02,1783,744,1929,747,1563,752,11933,1507
112691,1/14/2022,11:20:01,1783,743,1931,747,1563,752,11927,1506
112692,1/14/2022,11:30:00,1783,742,1931,747,1567,752,11928,1508
112693,1/14/2022,11:40:02,1783,744,1931,747,1564,753,11941,0
112694,1/14/2022,11:50:08,1786,743,1931,747,1567,752,11954,1508
112695,1/14/2022,12:00:27,0,0,0,0,0,0,0,0
112696,1/14/2022,12:10:03,1785,743,1931,747,1565,752,11947,1508
112697,1/14/2022,12:20:04,1786,742,1931,747,1567,754,11969,1508
112698,1/14/2022,12:30:25,0,0,0,0,0,0,0,0
112699,1/14/2022,12:40:01,1786,742,1932,747,1572,754,11976,1505
112700,1/14/2022,12:50:03,1787,742,1932,747,1569,753,11943,1504
112701,1/14/2022,13:00:27,0,0,0,0,0,0,0,0
112702,1/14/2022,13:10:00,1788,742,1932,747,1568,753,11942,1504
112703,1/14/2022,13:20:00,1788,742,1932,747,1562,752,11942,1505
112704,1/14/2022,13:30:20,1787,742,1936,747,1566,752,11942,1507
112705,1/14/2022,13:40:00,1788,742,1936,747,1567,755,11942,1508
112706,1/14/2022,13:50:00,1788,742,1936,747,1558,751,11942,1501
112707,1/14/2022,14:00:33,0,0,0,0,0,0,0,0
112708,1/14/2022,14:10:00,1788,742,1936,747,1554,754,11942,1503
112709,1/14/2022,14:20:00,1788,742,1936,747,1557,752,11942,1499
112710,1/14/2022,14:30:25,0,0,0,0,0,0,0,0
112711,1/14/2022,14:40:00,1789,742,1938,747,1557,755,11942,1489
112712,1/14/2022,14:50:00,1790,742,1940,747,1547,752,11955,1484
112713,1/14/2022,15:00:33,0,0,0,0,0,0,0,0
112714,1/14/2022,15:10:07,1793,742,1940,747,1557,754,11955,1502
112715,1/14/2022,15:20:01,1793,742,1940,747,1558,753,11942,1503
112716,1/14/2022,15:30:25,0,0,0,0,0,0,0,0
112717,1/14/2022,15:40:01,1793,742,1941,747,1557,754,11964,1513
112718,1/14/2022,15:50:00,1793,742,1941,747,1558,752,11963,1517
112719,1/14/2022,16:00:28,0,0,0,0,0,0,0,0
112720,1/14/2022,16:10:00,1794,744,1941,747,1562,752,11982,1518
112721,1/14/2022,16:20:05,1794,742,1941,747,1562,752,11950,1523
112722,1/14/2022,16:30:27,0,0,0,0,0,0,0,0
112723,1/14/2022,16:40:01,1794,742,1941,747,1562,752,11942,1522
112724,1/14/2022,16:50:07,1794,742,1941,747,1565,752,11942,1523
112725,1/14/2022,17:00:25,0,0,0,0,0,0,0,0
112726,1/14/2022,17:10:07,1794,742,1941,747,1565,756,11942,1528
112727,1/14/2022,17:20:01,1794,742,1941,747,1567,755,11940,1527
112728,1/14/2022,17:30:18,0,0,0,0,0,0,0,0
112729,1/14/2022,17:40:00,1794,742,1941,747,1568,752,11922,1533
112730,1/14/2022,17:50:06,1794,742,1941,747,1569,752,11938,1534
112731,1/14/2022,18:00:19,0,0,0,0,0,0,0,0
112732,1/14/2022,18:10:02,1794,742,1941,747,1575,753,11927,1542
112733,1/14/2022,18:20:01,1794,742,1941,747,1576,752,11927,1542
112734,1/14/2022,18:30:19,0,0,0,0,0,0,0,0
112735,1/14/2022,18:40:02,1798,744,1946,747,1577,752,11934,1544
112736,1/14/2022,18:50:00,1798,742,1942,747,1577,752,11906,1543
112737,1/14/2022,19:00:24,0,0,0,0,0,0,0,0
112738,1/14/2022,19:10:00,1796,743,1942,747,1577,755,11920,1543
112739,1/14/2022,19:20:08,1798,743,1942,747,1578,753,11910,1544
112740,1/14/2022,19:40:00,1798,743,1943,747,1580,755,11914,1547
112741,1/14/2022,19:50:00,1798,745,1942,747,1582,755,11940,1547
112742,1/14/2022,20:10:00,1798,746,1942,747,1582,752,11940,1547
112743,1/14/2022,20:20:00,1798,745,1942,747,1584,752,11939,1547
112744,1/14/2022,20:40:00,1798,743,1942,747,1584,752,11936,1551
112745,1/14/2022,20:50:01,1798,744,1942,747,1587,750,11932,1551
112746,1/14/2022,21:10:00,1798,746,1942,747,1585,754,11891,1547
112747,1/14/2022,21:20:01,1798,744,1942,747,1587,751,11940,1549
112748,1/14/2022,21:40:01,1798,743,1942,747,1587,752,11912,1552
112749,1/14/2022,21:50:00,1798,746,1942,747,1587,754,11916,1557
112750,1/14/2022,22:10:03,1799,746,1942,747,1588,754,11907,1557
112751,1/14/2022,22:20:00,1801,743,1942,747,1588,752,11933,1557
112752,1/14/2022,22:40:07,1799,744,1942,747,1592,756,11922,1561
112753,1/14/2022,22:50:08,1803,745,1942,747,1592,755,11912,1562
112754,1/14/2022,23:10:00,1802,744,1942,747,1592,752,11900,1562
112755,1/14/2022,23:20:00,1799,746,1942,747,1592,749,11927,1562
112756,1/14/2022,23:40:00,1801,743,1942,747,1593,750,11917,1562
112757,1/14/2022,23:50:09,1803,745,1942,747,1593,754,11909,1559
112758,1/15/2022,0:10:01,1803,746,1942,747,1595,754,11924,1562
112759,1/15/2022,0:20:00,1803,744,1942,748,1595,753,11915,1562
112760,1/15/2022,0:40:01,1800,743,1942,747,1596,753,11892,1562
112761,1/15/2022,0:50:15,1803,746,1942,750,1596,753,11891,1562
112762,1/15/2022,1:10:02,1803,746,1942,747,1596,752,11932,1562
112763,1/15/2022,1:20:08,1803,744,1942,750,1596,752,11897,1562
112764,1/15/2022,1:40:03,1803,746,1942,747,1598,755,11892,1562
112765,1/15/2022,1:50:00,1803,746,1942,747,1597,752,11891,1562
112766,1/15/2022,2:10:00,1803,744,1942,748,1601,753,11939,1562
112767,1/15/2022,2:40:00,1803,746,1942,747,1601,756,11914,1562
112768,1/15/2022,2:50:08,1803,746,1942,750,1601,752,11900,1562
112769,1/15/2022,3:10:00,1803,746,1942,749,1601,754,11897,1562
112770,1/15/2022,3:20:00,1803,746,1942,749,1601,752,11902,1562
112771,1/15/2022,3:40:00,1804,746,1942,747,1605,754,11903,1562
112772,1/15/2022,3:50:08,1804,746,1942,747,1605,750,11905,1562
112773,1/15/2022,4:10:03,1804,744,1942,747,1604,753,11902,1562
112774,1/15/2022,4:20:07,1804,745,1942,747,1606,754,11912,1562
112775,1/15/2022,4:40:00,1805,744,1942,747,1606,752,11915,1562
112776,1/15/2022,5:10:01,1804,744,1942,747,1606,753,11892,1562
112777,1/15/2022,5:20:00,1805,743,1942,747,1606,753,11908,1562
112778,1/15/2022,5:30:19,0,0,0,0,0,0,0,0
112779,1/15/2022,5:40:00,1805,746,1942,747,1607,753,11902,1562
112780,1/15/2022,5:50:00,1806,746,1942,747,1608,750,11913,1562
112781,1/15/2022,6:10:01,1807,746,1942,747,1610,756,11887,1562
112782,1/15/2022,6:20:08,1808,744,1942,747,1611,755,11890,1562
112783,1/15/2022,6:40:00,1805,746,1942,747,1611,750,11906,1563
112784,1/15/2022,6:50:00,1807,742,1942,747,1611,754,11935,1563
112785,1/15/2022,7:10:01,1807,742,1942,747,1611,752,11926,1563
112786,1/15/2022,7:20:00,1808,743,1942,747,1611,752,11903,1563
112787,1/15/2022,7:40:00,1806,746,1942,747,1611,752,11892,1562
112788,1/15/2022,7:50:09,1808,742,1942,747,1608,751,11921,1561
112789,1/15/2022,8:10:03,1808,742,1942,747,1605,751,11891,1557
112790,1/15/2022,8:20:07,1808,742,1942,747,1602,752,11923,1553
112791,1/15/2022,8:40:01,1808,742,1942,747,1597,752,11936,1548
112792,1/15/2022,8:50:07,1808,742,1942,747,1593,753,11908,1546
112793,1/15/2022,9:00:17,0,0,0,0,0,0,0,0
112794,1/15/2022,9:10:00,1808,742,1942,747,1583,750,11913,1538
112795,1/15/2022,9:20:04,1808,742,1942,747,1578,752,11921,1537
112796,1/15/2022,9:40:01,1808,742,1942,747,1573,749,11938,1533
112797,1/15/2022,9:50:01,1809,742,1942,747,1573,750,11914,1529
112798,1/15/2022,10:10:02,1811,742,1944,747,1573,752,11924,1529
112799,1/15/2022,10:40:01,1812,742,1946,747,1573,751,11934,1525
112800,1/15/2022,10:50:00,1812,742,1943,747,1573,748,11937,1525
112801,1/15/2022,11:00:10,0,0,0,0,0,0,0,0
112802,1/15/2022,11:10:02,1810,742,1946,747,1573,752,11920,1524
112803,1/15/2022,11:20:00,1813,742,1946,747,1573,749,11919,1523
112804,1/15/2022,11:40:01,1813,742,1946,747,1573,754,11940,1522
112805,1/15/2022,11:50:00,1813,742,1946,747,1573,752,11959,1521
112806,1/15/2022,12:20:07,1818,742,1946,747,1572,752,11942,1518
112807,1/15/2022,12:40:01,1818,742,1948,747,1567,753,11958,1518
112808,1/15/2022,12:50:01,1818,742,1951,747,1568,751,11948,1516
112809,1/15/2022,13:10:00,1818,742,1948,747,1572,750,11942,1518
112810,1/15/2022,13:20:01,1815,742,1950,747,1572,751,11942,1518
112811,1/15/2022,13:40:00,1818,742,1951,747,1569,751,11942,1515
112812,1/15/2022,13:50:00,1818,742,1951,746,1568,751,11942,1511
112813,1/15/2022,14:10:00,1818,742,1951,744,1573,751,11942,1509
112814,1/15/2022,14:20:09,1818,742,1951,746,1577,751,11942,1509
112815,1/15/2022,14:40:00,1818,742,1951,746,1582,751,11948,1503
112816,1/15/2022,14:50:00,1822,742,1952,746,1583,751,11969,1503
112817,1/15/2022,15:10:06,1819,742,1953,746,1583,751,11942,1516
112818,1/15/2022,15:40:00,1822,742,1955,746,1583,752,11954,1523
112819,1/15/2022,15:50:00,1823,742,1955,746,1583,751,11961,1526
112820,1/15/2022,16:20:00,1823,742,1955,745,1587,751,11960,1532
112821,1/15/2022,16:40:01,1823,742,1955,746,1587,751,11943,1535
112822,1/15/2022,16:50:00,1823,742,1960,744,1591,751,11942,1537
112823,1/15/2022,17:10:00,1823,742,1959,746,1589,751,11928,1542
112824,1/15/2022,17:20:00,1823,742,1959,746,1589,751,11941,0
112825,1/15/2022,17:40:01,1828,742,1959,746,1592,751,11900,1547
112826,1/15/2022,17:50:00,1824,742,1956,746,1592,750,11940,1547
112827,1/15/2022,18:20:00,1824,742,1956,746,1595,749,11936,1556
112828,1/15/2022,18:40:00,1824,742,1959,746,1596,751,11921,1557
112829,1/15/2022,18:50:00,1827,742,1957,744,1596,750,11940,1559
112830,1/15/2022,19:00:19,0,0,0,0,0,0,0,0
112831,1/15/2022,19:10:01,0,0,0,0,0,0,0,0
112832,1/15/2022,19:20:05,1824,742,1960,746,1601,751,11928,1562
112833,1/15/2022,19:40:01,1828,742,1960,746,1601,751,11901,1562
112834,1/15/2022,19:50:00,1828,742,1960,746,1601,751,11891,1563
112835,1/15/2022,20:10:04,1828,742,1960,746,1601,751,11922,1567
112836,1/15/2022,20:20:08,1828,742,1959,746,1601,750,11930,1567
112837,1/15/2022,20:40:00,1828,742,1960,746,1602,751,11916,1567
112838,1/15/2022,20:50:06,1828,742,1959,746,1601,750,11917,1567
112839,1/15/2022,21:10:01,1828,743,1958,746,1602,751,11914,1567
112840,1/15/2022,21:20:00,1828,742,1960,746,1606,751,11904,1570
112841,1/15/2022,21:40:00,1829,742,1956,746,1606,749,11920,1572
112842,1/15/2022,21:50:00,1829,745,1960,746,1605,751,11912,1570
112843,1/15/2022,22:20:01,1830,742,1960,746,1606,752,11909,1570
112844,1/15/2022,22:40:02,1833,743,1960,746,1606,752,11907,1572
112845,1/15/2022,22:50:06,1831,743,1960,746,1606,751,11939,1572
112846,1/15/2022,23:10:01,1830,744,1960,746,1606,755,11912,1570
112847,1/15/2022,23:20:00,1833,745,1960,746,1606,752,11914,1571
112848,1/15/2022,23:40:04,1833,745,1960,746,1610,752,11904,1569
112849,1/15/2022,23:50:00,1833,745,1960,746,1609,753,11897,1570